,bh,bh_id,bj,jg_id,jgmc,njdm_id,njmc,xqh_id,zyh,zyh_id,zymc
1,15015001,15015001,地规151,1,地理科学学院,2015,2015,1,151,151,人文地理与城乡规划(不动产)(0151)
2,15015002,15015002,地规152,1,地理科学学院,2015,2015,1,152,152,人文地理与城乡规划(区域物流)(0152)
3,15016001,15016001,地环151,1,地理科学学院,2015,2015,1,160,160,自然地理与资源环境(0160)
4,15011001,15011001,地理151,1,地理科学学院,2015,2015,1,110,110,地理科学(0110)
5,15014001,15014001,地信151,1,地理科学学院,2015,2015,1,140,140,地理信息科学(0140)
6,15021001,15021001,法学151,2,法学院(律师学院)(含检察理论研究中心),2015,2015,1,212,212,法学(律师)(0212)
7,15021002,15021002,法学152,2,法学院(律师学院)(含检察理论研究中心),2015,2015,1,210,210,法学(0210)
8,15021003,15021003,法学153,2,法学院(律师学院)(含检察理论研究中心),2015,2015,1,210,210,法学(0210)
9,15021004,15021004,法学154,2,法学院(律师学院)(含检察理论研究中心),2015,2015,1,210,210,法学(0210)
10,15021005,15021005,法学155,2,法学院(律师学院)(含检察理论研究中心),2015,2015,1,210,210,法学(0210)
11,15021006,15021006,法学156,2,法学院(律师学院)(含检察理论研究中心),2015,2015,1,212,212,法学(律师)(0212)
12,15021007,15021007,法学157,2,法学院(律师学院)(含检察理论研究中心),2015,2015,1,210,210,法学(0210)
13,15034001,15034001,公共151,3,公共管理学院(含廉政研究中心),2015,2015,1,340,340,公共事业管理(0340)
14,15033401,15033401,公共152,3,公共管理学院(含廉政研究中心),2015,2015,1,334,334,公共事业管理（高水平运动员）(0334)
15,15031001,15031001,社工151,3,公共管理学院(含廉政研究中心),2015,2015,1,310,310,社会工作(0310)
16,15031002,15031002,社工152,3,公共管理学院(含廉政研究中心),2015,2015,1,310,310,社会工作(0310)
17,15033001,15033001,行政151,3,公共管理学院(含廉政研究中心),2015,2015,1,330,330,行政管理(0330)
18,15033002,15033002,行政152,3,公共管理学院(含廉政研究中心),2015,2015,1,330,330,行政管理(0330)
19,15041001,15041001,环工151,4,环境科学与工程学院,2015,2015,1,410,410,环境工程(0410)
20,15041002,15041002,环工152,4,环境科学与工程学院,2015,2015,1,410,410,环境工程(0410)
21,15042001,15042001,环科151,4,环境科学与工程学院,2015,2015,1,420,420,环境科学(0420)
22,15042002,15042002,环科152,4,环境科学与工程学院,2015,2015,1,,,
23,15052001,15052001,化工151,5,化学化工学院,2015,2015,1,520,520,化学工程与工艺(0520)
24,15052002,15052002,化工152,5,化学化工学院,2015,2015,1,520,520,化学工程与工艺(0520)
25,15053003,15053003,化工153,5,化学化工学院,2015,2015,1,520,520,化学工程与工艺(0520)
26,15051001,15051001,化学151,5,化学化工学院,2015,2015,1,514,514,化学(教师教育)(0514)
27,15051002,15051002,化学152,5,化学化工学院,2015,2015,1,516,516,化学(精细化学品化学与技术)(0516)
28,15053001,15053001,食品151,5,化学化工学院,2015,2015,1,533,533,食品科学与工程(食品科学与工程)(0533)
29,15053002,15053002,食品152,5,化学化工学院,2015,2015,1,532,532,食品科学与工程(食品质量与安全)(0532)
30,15061001,15061001,计机151,6,计算机科学与网络工程学院,2015,2015,1,610,610,计算机科学与技术(0610)
31,15061002,15061002,计机152,6,计算机科学与网络工程学院,2015,2015,1,610,610,计算机科学与技术(0610)
32,15063004,15063004,软件151,6,计算机科学与网络工程学院,2015,2015,1,630,630,软件工程(0630)
33,15063005,15063005,软件152,6,计算机科学与网络工程学院,2015,2015,1,630,630,软件工程(0630)
34,15063006,15063006,软件153,6,计算机科学与网络工程学院,2015,2015,1,630,630,软件工程(0630)
35,15062002,15062002,网络151,6,计算机科学与网络工程学院,2015,2015,1,620,620,网络工程(0620)
36,15062003,15062003,网络152,6,计算机科学与网络工程学院,2015,2015,1,620,620,网络工程(0620)
37,15073001,15073001,电气151,7,机械与电气工程学院,2015,2015,1,733,733,电气工程及其自动化(电力系统自动化)(0733)
38,15073002,15073002,电气152,7,机械与电气工程学院,2015,2015,1,733,733,电气工程及其自动化(电力系统自动化)(0733)
39,15073003,15073003,电气153,7,机械与电气工程学院,2015,2015,1,734,734,电气工程及其自动化(工业自动化)(0734)
40,15073004,15073004,电气154,7,机械与电气工程学院,2015,2015,1,734,734,电气工程及其自动化(工业自动化)(0734)
41,15074001,15074001,电信151,7,机械与电气工程学院,2015,2015,1,741,741,电子信息工程(电子信息工程)(0741)
42,15074002,15074002,电信152,7,机械与电气工程学院,2015,2015,1,743,743,电子信息工程(音视频与艺术照明工程)(0743)
43,15075001,15075001,工业151,7,机械与电气工程学院,2015,2015,1,750,750,工业设计(0750)
44,15072001,15072001,机械151,7,机械与电气工程学院,2015,2015,1,720,720,机械设计制造及其自动化(0720)
45,15072002,15072002,机械152,7,机械与电气工程学院,2015,2015,1,720,720,机械设计制造及其自动化(0720)
46,15072003,15072003,机械153,7,机械与电气工程学院,2015,2015,1,720,720,机械设计制造及其自动化(0720)
47,15072004,15072004,机械154,7,机械与电气工程学院,2015,2015,1,720,720,机械设计制造及其自动化(0720)
48,15076001,15076001,通信151,7,机械与电气工程学院,2015,2015,1,760,760,通信工程(0760)
49,15082001,15082001,教技151,8,教育学院(师范学院),2015,2015,1,820,820,教育技术学(0820)
50,15086001,15086001,小教151,8,教育学院(师范学院),2015,2015,1,860,860,小学教育(0860)
51,15083001,15083001,心理151,8,教育学院(师范学院),2015,2015,1,830,830,心理学(0830)
52,15083002,15083002,心理152,8,教育学院(师范学院),2015,2015,1,831,831,心理学(特殊儿童心理发展与教育)(0831)
53,15085001,15085001,学前151,8,教育学院(师范学院),2015,2015,1,850,850,学前教育(0850)
54,15084001,15084001,应心151,8,教育学院(师范学院),2015,2015,1,840,840,应用心理学(0840)
55,15095001,15095001,城规151,9,建筑与城市规划学院,2015,2015,1,950,950,城乡规划(0950)
56,15095002,15095002,城规152,9,建筑与城市规划学院,2015,2015,1,950,950,城乡规划(0950)
57,15091001,15091001,建筑151,9,建筑与城市规划学院,2015,2015,1,910,910,建筑学(0910)
58,15091002,15091002,建筑152,9,建筑与城市规划学院,2015,2015,1,910,910,建筑学(0910)
59,15091003,15091003,建筑153,9,建筑与城市规划学院,2015,2015,1,910,910,建筑学(0910)
60,15093101,15093101,景观151,9,建筑与城市规划学院,2015,2015,1,931,931,建筑学(景观建筑)(0931)
61,15097001,15097001,园林151,9,建筑与城市规划学院,2015,2015,1,970,970,风景园林(0970)
62,15097002,15097002,园林152,9,建筑与城市规划学院,2015,2015,1,970,970,风景园林(0970)
63,15103001,15103001,会展151,10,旅游学院(中法旅游学院),2015,2015,1,1030,1030,会展经济与管理(1030)
64,15103002,15103002,会展152,10,旅游学院(中法旅游学院),2015,2015,1,1030,1030,会展经济与管理(1030)
65,15103003,15103003,会展153,10,旅游学院(中法旅游学院),2015,2015,1,1030,1030,会展经济与管理(1030)
66,15101001,15101001,旅游151,10,旅游学院(中法旅游学院),2015,2015,1,1015,1015,旅游管理(旅游企业管理)(1015)
67,15101002,15101002,旅游152,10,旅游学院(中法旅游学院),2015,2015,1,1013,1013,旅游管理(酒店管理)(1013)
68,15101003,15101003,旅游153,10,旅游学院(中法旅游学院),2015,2015,1,1015,1015,旅游管理(旅游企业管理)(1015)
69,15101004,15101004,旅游154,10,旅游学院(中法旅游学院),2015,2015,1,1027,1027,旅游管理(校企协同育人实验班)(1027)
70,15102001,15102001,中法151,10,旅游学院(中法旅游学院),2015,2015,1,1026,1026,旅游管理[中法](1026)
71,15102002,15102002,中法152,10,旅游学院(中法旅游学院),2015,2015,1,1026,1026,旅游管理[中法](1026)
72,15102003,15102003,中法153,10,旅游学院(中法旅游学院),2015,2015,1,,,
73,15117001,15117001,产品151,11,美术与设计学院,2015,2015,1,1170,1170,产品设计(1170)
74,15117002,15117002,产品152,11,美术与设计学院,2015,2015,1,1170,1170,产品设计(1170)
75,15112001,15112001,动画151,11,美术与设计学院,2015,2015,1,1127,1127,动画(影视动画)(1127)
76,15112002,15112002,动画152,11,美术与设计学院,2015,2015,1,1127,1127,动画(影视动画)(1127)
77,15112003,15112003,动画153,11,美术与设计学院,2015,2015,1,1128,1128,动画(游戏动画)(1128)
78,15118001,15118001,服装151,11,美术与设计学院,2015,2015,1,1181,1181,服装与服饰设计(服装设计)(1181)
79,15118002,15118002,服装152,11,美术与设计学院,2015,2015,1,1182,1182,服装与服饰设计(服装表演与设计)(1182)
80,15113901,15113901,环设151,11,美术与设计学院,2015,2015,1,1139,1139,环境设计(1139)
81,15113902,15113902,环设152,11,美术与设计学院,2015,2015,1,1139,1139,环境设计(1139)
82,15116001,15116001,绘画151,11,美术与设计学院,2015,2015,1,1160,1160,绘画(1160)
83,15111001,15111001,美术151,11,美术与设计学院,2015,2015,1,1111,1111,美术学(教师教育)(1111)
84,15111002,15111002,美术152,11,美术与设计学院,2015,2015,1,1111,1111,美术学(教师教育)(1111)
85,15111003,15111003,美术153,11,美术与设计学院,2015,2015,1,1111,1111,美术学(教师教育)(1111)
86,15119001,15119001,视觉151,11,美术与设计学院,2015,2015,1,1190,1190,视觉传达设计(1190)
87,15119002,15119002,视觉152,11,美术与设计学院,2015,2015,1,1190,1190,视觉传达设计(1190)
88,15124001,15124001,汉教151,12,人文学院(含十三行研究中心),2015,2015,1,1240,1240,汉语国际教育(1240)
89,15121001,15121001,汉语151,12,人文学院(含十三行研究中心),2015,2015,1,1211,1211,汉语言文学(教师教育)(1211)
90,15121002,15121002,汉语152,12,人文学院(含十三行研究中心),2015,2015,1,1211,1211,汉语言文学(教师教育)(1211)
91,15121003,15121003,汉语153,12,人文学院(含十三行研究中心),2015,2015,1,1211,1211,汉语言文学(教师教育)(1211)
92,15121004,15121004,汉语154,12,人文学院(含十三行研究中心),2015,2015,1,1215,1215,汉语言文学(创作与编辑)(1215)
93,15121005,15121005,汉语155,12,人文学院(含十三行研究中心),2015,2015,1,1216,1216,汉语言文学(戏剧与影视学)(1216)
94,15121006,15121006,汉语156,12,人文学院(含十三行研究中心),2015,2015,1,1212,1212,汉语言文学(文学)(1212)
95,15121007,15121007,汉语157,12,人文学院(含十三行研究中心),2015,2015,1,1213,1213,汉语言文学(应用语言学)(1213)
96,15121008,15121008,汉语158,12,人文学院(含十三行研究中心),2015,2015,1,1214,1214,汉语言文学(秘书学)(1214)
97,15121009,15121009,汉语159,12,人文学院(含十三行研究中心),2015,2015,1,1214,1214,汉语言文学(秘书学)(1214)
98,15122001,15122001,历史151,12,人文学院(含十三行研究中心),2015,2015,1,1221,1221,历史学(教师教育)(1221)
99,15122002,15122002,历史152,12,人文学院(含十三行研究中心),2015,2015,1,1222,1222,历史学(文化资源开发与利用)(1222)
100,15125001,15125001,预科151,12,人文学院(含十三行研究中心),2015,2015,1,1250,1250,少数民族预科班(1250)
101,15142001,15142001,生工151,14,生命科学学院,2015,2015,1,1420,1420,生物工程(1420)
102,15152002,15152002,生工152,14,生命科学学院,2015,2015,1,,,
103,15143001,15143001,生技151,14,生命科学学院,2015,2015,1,1430,1430,生物技术(1430)
104,15153002,15153002,生技152,14,生命科学学院,2015,2015,1,,,
105,15141001,15141001,生科151,14,生命科学学院,2015,2015,1,1410,1410,生物科学(1410)
106,15141002,15141002,生科152,14,生命科学学院,2015,2015,1,,,
107,15151001,15151001,数学151,15,数学与信息科学学院,2015,2015,1,1513,1513,数学与应用数学(基础数学)(1513)
108,15151002,15151002,数学152,15,数学与信息科学学院,2015,2015,1,1511,1511,数学与应用数学(教师教育)(1511)
109,15151003,15151003,数学153,15,数学与信息科学学院,2015,2015,1,1511,1511,数学与应用数学(教师教育)(1511)
110,15151004,15151004,数学154,15,数学与信息科学学院,2015,2015,1,1514,1514,数学与应用数学(精算学)(1514)
111,15151005,15151005,数学155,15,数学与信息科学学院,2015,2015,1,1512,1512,数学与应用数学(金融数学)(1512)
112,15153001,15153001,信安151,15,数学与信息科学学院,2015,2015,1,1530,1530,信息安全(1530)
113,15152001,15152001,信计151,15,数学与信息科学学院,2015,2015,1,1520,1520,信息与计算科学(1520)
114,15165001,15165001,给排151,16,土木工程学院,2015,2015,1,1650,1650,给排水科学与工程(1650)
115,15165002,15165002,给排152,16,土木工程学院,2015,2015,1,1650,1650,给排水科学与工程(1650)
116,15166001,15166001,建能151,16,土木工程学院,2015,2015,1,1660,1660,建筑环境与能源应用工程(1660)
117,15166002,15166002,建能152,16,土木工程学院,2015,2015,1,1660,1660,建筑环境与能源应用工程(1660)
118,15162001,15162001,交通151,16,土木工程学院,2015,2015,1,1620,1620,交通工程(1620)
119,15161001,15161001,土木151,16,土木工程学院,2015,2015,1,1670,1670,土木工程(综合试点)(1670)
120,15161002,15161002,土木152,16,土木工程学院,2015,2015,1,1670,1670,土木工程(综合试点)(1670)
121,15161003,15161003,土木153,16,土木工程学院,2015,2015,1,1613,1613,土木工程(地下建筑工程)(1613)
122,15161004,15161004,土木154,16,土木工程学院,2015,2015,1,1612,1612,土木工程(道路与桥梁工程)(1612)
123,15161005,15161005,土木155,16,土木工程学院,2015,2015,1,1612,1612,土木工程(道路与桥梁工程)(1612)
124,15161006,15161006,土木156,16,土木工程学院,2015,2015,1,1611,1611,土木工程(建筑工程)(1611)
125,15161007,15161007,土木157,16,土木工程学院,2015,2015,1,1611,1611,土木工程(建筑工程)(1611)
126,15161008,15161008,土木158,16,土木工程学院,2015,2015,1,1614,1614,土木工程(结构分析)(1614)
127,15173001,15173001,社体151,17,体育学院,2015,2015,1,1730,1730,社会体育指导与管理(1730)
128,15173002,15173002,社体152,17,体育学院,2015,2015,1,1730,1730,社会体育指导与管理(1730)
129,15171001,15171001,体教151,17,体育学院,2015,2015,1,1710,1710,体育教育(1710)
130,15171002,15171002,体教152,17,体育学院,2015,2015,1,1710,1710,体育教育(1710)
131,15183001,15183001,法语151,18,外国语学院,2015,2015,1,1830,1830,法语(1830)
132,15182001,15182001,日语151,18,外国语学院,2015,2015,1,1820,1820,日语(1820)
133,15182002,15182002,日语152,18,外国语学院,2015,2015,1,1820,1820,日语(1820)
134,15181001,15181001,英语151,18,外国语学院,2015,2015,1,1814,1814,英语(教师教育)(1814)
135,15181002,15181002,英语152,18,外国语学院,2015,2015,1,1814,1814,英语(教师教育)(1814)
136,15181003,15181003,英语153,18,外国语学院,2015,2015,1,1814,1814,英语(教师教育)(1814)
137,15181004,15181004,英语154,18,外国语学院,2015,2015,1,1812,1812,英语(翻译)(1812)
138,15181005,15181005,英语155,18,外国语学院,2015,2015,1,1812,1812,英语(翻译)(1812)
139,15181006,15181006,英语156,18,外国语学院,2015,2015,1,1811,1811,英语(国际商务)(1811)
140,15181007,15181007,英语157,18,外国语学院,2015,2015,1,1811,1811,英语(国际商务)(1811)
141,15181008,15181008,英语158,18,外国语学院,2015,2015,1,1811,1811,英语(国际商务)(1811)
142,15181009,15181009,英语159,18,外国语学院,2015,2015,1,1811,1811,英语(国际商务)(1811)
143,15192001,15192001,电子151,19,物理与电子工程学院,2015,2015,1,1923,1923,电子信息科学与技术(物联网技术)(1923)
144,15194001,15194001,光电151,19,物理与电子工程学院,2015,2015,1,1940,1940,光电信息科学与工程(1940)
145,15194002,15194002,光电152,19,物理与电子工程学院,2015,2015,1,1940,1940,光电信息科学与工程(1940)
146,15191001,15191001,物理151,19,物理与电子工程学院,2015,2015,1,19A5,19A5,物理学(教师教育)(19A5)
147,15191002,15191002,物理152,19,物理与电子工程学院,2015,2015,1,19A5,19A5,物理学(教师教育)(19A5)
148,15195002,15195002,物联151,19,物理与电子工程学院,2015,2015,1,1950,1950,物联网工程(1950)
149,15195003,15195003,物联152,19,物理与电子工程学院,2015,2015,1,1950,1950,物联网工程(1950)
150,15203001,15203001,播音151,20,新闻与传播学院,2015,2015,1,2030,2030,播音与主持艺术(2030)
151,15203002,15203002,播音152,20,新闻与传播学院,2015,2015,1,2030,2030,播音与主持艺术(2030)
152,15203003,15203003,播音153,20,新闻与传播学院,2015,2015,1,2030,2030,播音与主持艺术(2030)
153,15204001,15204001,广编151,20,新闻与传播学院,2015,2015,1,2040,2040,广播电视编导(2040)
154,15204002,15204002,广编152,20,新闻与传播学院,2015,2015,1,2040,2040,广播电视编导(2040)
155,15204003,15204003,广编153,20,新闻与传播学院,2015,2015,1,2040,2040,广播电视编导(2040)
156,15204004,15204004,广编154,20,新闻与传播学院,2015,2015,1,2041,2041,广播电视编导(校企协同育人实验班)(2041)
157,15205001,15205001,广电151,20,新闻与传播学院,2015,2015,1,2050,2050,广播电视学(2050)
158,15205002,15205002,广电152,20,新闻与传播学院,2015,2015,1,2050,2050,广播电视学(2050)
159,15205003,6E55A4FAD16E54B6E0531F6411AC4266,广电153,20,新闻与传播学院,2015,2015,1,2050,2050,广播电视学(2050)
160,15202001,15202001,广告151,20,新闻与传播学院,2015,2015,1,2020,2020,广告学(2020)
161,15206001,15206001,媒体151,20,新闻与传播学院,2015,2015,1,2060,2060,网络与新媒体(2060)
162,15206002,15206002,媒体152,20,新闻与传播学院,2015,2015,1,2060,2060,网络与新媒体(2060)
163,15206003,15206003,媒体153,20,新闻与传播学院,2015,2015,1,2060,2060,网络与新媒体(2060)
164,15212001,15212001,舞蹈151,21,音乐舞蹈学院,2015,2015,1,2121,2121,舞蹈编导(教师教育)(2121)
165,15212002,15212002,舞蹈152,21,音乐舞蹈学院,2015,2015,1,2122,2122,舞蹈编导(编导)(2122)
166,15211001,15211001,音乐151,21,音乐舞蹈学院,2015,2015,1,2110,2110,音乐学(2110)
167,15211002,15211002,音乐152,21,音乐舞蹈学院,2015,2015,1,2110,2110,音乐学(2110)
168,15211003,15211003,音乐153,21,音乐舞蹈学院,2015,2015,1,2110,2110,音乐学(2110)
169,15631001,15631001,思教151,63,马克思主义学院(政治与公民教育学院),2015,2015,1,6310,6310,思想政治教育(6310)
170,15641001,15641001,国贸151,64,经济与统计学院,2015,2015,1,6410,6410,国际经济与贸易(6410)
171,15641002,15641002,国贸152,64,经济与统计学院,2015,2015,1,6410,6410,国际经济与贸易(6410)
172,15641003,15641003,国贸153,64,经济与统计学院,2015,2015,1,6410,6410,国际经济与贸易(6410)
173,15641004,15641004,国贸154,64,经济与统计学院,2015,2015,1,6410,6410,国际经济与贸易(6410)
174,15643001,15643001,会计151,64,经济与统计学院,2015,2015,1,6430,6430,会计学(6430)
175,15643002,15643002,会计152,64,经济与统计学院,2015,2015,1,6430,6430,会计学(6430)
176,15643003,15643003,会计153,64,经济与统计学院,2015,2015,1,6430,6430,会计学(6430)
177,15643004,15643004,会计154,64,经济与统计学院,2015,2015,1,6430,6430,会计学(6430)
178,15646001,15646001,金工151,64,经济与统计学院,2015,2015,1,6460,6460,金融工程(6460)
179,15646002,15646002,金工152,64,经济与统计学院,2015,2015,1,6460,6460,金融工程(6460)
180,15642001,15642001,金融151,64,经济与统计学院,2015,2015,1,6420,6420,金融学(6420)
181,15642002,15642002,金融152,64,经济与统计学院,2015,2015,1,6420,6420,金融学(6420)
182,15642003,15642003,金融153,64,经济与统计学院,2015,2015,1,6420,6420,金融学(6420)
183,15642004,15642004,金融154,64,经济与统计学院,2015,2015,1,6420,6420,金融学(6420)
184,15645001,15645001,经济151,64,经济与统计学院,2015,2015,1,6450,6450,经济学(6450)
185,15645002,15645002,经济152,64,经济与统计学院,2015,2015,1,6450,6450,经济学(6450)
186,15644001,15644001,统计151,64,经济与统计学院,2015,2015,1,6440,6440,统计学(6440)
187,15658001,15658001,电商151,65,工商管理学院,2015,2015,1,6580,6580,电子商务(6580)
188,15658002,15658002,电商152,65,工商管理学院,2015,2015,1,6580,6580,电子商务(6580)
189,15651001,15651001,房产151,65,工商管理学院,2015,2015,1,6510,6510,房地产开发与管理(6510)
190,15654001,15654001,工程151,65,工商管理学院,2015,2015,1,6541,6541,工程管理(投资与造价管理)(6541)
191,15654002,15654002,工程152,65,工商管理学院,2015,2015,1,6541,6541,工程管理(投资与造价管理)(6541)
192,15654003,15654003,工程153,65,工商管理学院,2015,2015,1,6543,6543,工程管理(物业管理)(6543)
193,15655001,15655001,工商151,65,工商管理学院,2015,2015,1,6550,6550,工商管理(6550)
194,15655002,15655002,工商152,65,工商管理学院,2015,2015,1,6550,6550,工商管理(6550)
195,15655003,15655003,工商153,65,工商管理学院,2015,2015,1,6550,6550,工商管理(6550)
196,15655004,15655004,工商154,65,工商管理学院,2015,2015,1,6550,6550,工商管理(6550)
197,15657001,15657001,人力151,65,工商管理学院,2015,2015,1,6570,6570,人力资源管理(6570)
198,15657002,15657002,人力152,65,工商管理学院,2015,2015,1,6570,6570,人力资源管理(6570)
199,15656001,15656001,市场151,65,工商管理学院,2015,2015,1,6560,6560,市场营销(6560)
200,15656002,15656002,市场152,65,工商管理学院,2015,2015,1,6560,6560,市场营销(6560)
201,15659001,15659001,物流151,65,工商管理学院,2015,2015,1,6590,6590,物流管理(6590)
202,15659002,15659002,物流152,65,工商管理学院,2015,2015,1,6590,6590,物流管理(6590)
203,15661003,15661003,工卫151,66,卫斯理安学院,2015,2015,1,6612,6612,工商管理(卫斯理安)(6612)
204,15661002,15661002,经卫151,66,卫斯理安学院,2015,2015,1,6611,6611,经济学(卫斯理安)(6611)
205,15661001,15661001,卫斯151,66,卫斯理安学院,2015,2015,1,,,
206,15061004,15061004,应卫151,66,卫斯理安学院,2015,2015,1,6613,6613,应用心理学(卫斯理安)(6613)
207,15300101,15300101,法学二151,30,第二专业,2015,2015,1,3001,3001,法学(二)(3001)
208,15301101,15301101,广告二151,30,第二专业,2015,2015,1,3011,3011,广告学（二）(3011)
209,15300901,15300901,会计二151,30,第二专业,2015,2015,1,3009,3009,会计学(二)(3009)
210,15301501,15301501,计机二151,30,第二专业,2015,2015,1,3015,3015,软件工程（二）(3015)
211,15301001,15301001,金融二151,30,第二专业,2015,2015,1,3010,3010,金融学(二)(3010)
212,15300701,15300701,英语二151,30,第二专业,2015,2015,1,3005,3005,英语(二)(3005)
213,15300702,15300702,英语二152,30,第二专业,2015,2015,1,3005,3005,英语(二)(3005)
214,15300703,15300703,英语二153,30,第二专业,2015,2015,1,3005,3005,英语(二)(3005)
215,15300801,15300801,应心二151,30,第二专业,2015,2015,1,3008,3008,应用心理学(二)(3008)
216,16015001,16015001,地规161,1,地理科学学院,2016,2016,1,151,151,人文地理与城乡规划(不动产)(0151)
217,16015002,16015002,地规162,1,地理科学学院,2016,2016,1,152,152,人文地理与城乡规划(区域物流)(0152)
218,16011001,16011001,地理161,1,地理科学学院,2016,2016,1,110,110,地理科学(0110)
219,16014001,16014001,地信161,1,地理科学学院,2016,2016,1,140,140,地理信息科学(0140)
220,16017001,16017001,土管161,1,地理科学学院,2016,2016,1,170,170,土地资源管理(0170)
221,16021201,16021201,法学161,2,法学院(律师学院)(含检察理论研究中心),2016,2016,1,212,212,法学(律师)(0212)
222,16021002,16021002,法学162,2,法学院(律师学院)(含检察理论研究中心),2016,2016,1,210,210,法学(0210)
223,16021003,16021003,法学163,2,法学院(律师学院)(含检察理论研究中心),2016,2016,1,210,210,法学(0210)
224,16021004,16021004,法学164,2,法学院(律师学院)(含检察理论研究中心),2016,2016,1,210,210,法学(0210)
225,16021005,16021005,法学165,2,法学院(律师学院)(含检察理论研究中心),2016,2016,1,210,210,法学(0210)
226,16021001,16021001,法学166,2,法学院(律师学院)(含检察理论研究中心),2016,2016,1,210,210,法学(0210)
227,16021006,16021006,法学167,2,法学院(律师学院)(含检察理论研究中心),2016,2016,1,210,210,法学(0210)
228,16034001,16034001,公共161,3,公共管理学院(含廉政研究中心),2016,2016,1,340,340,公共事业管理(0340)
229,16033401,16033401,公共高161,3,公共管理学院(含廉政研究中心),2016,2016,1,334,334,公共事业管理（高水平运动员）(0334)
230,16031001,16031001,社工161,3,公共管理学院(含廉政研究中心),2016,2016,1,310,310,社会工作(0310)
231,16031002,16031002,社工162,3,公共管理学院(含廉政研究中心),2016,2016,1,310,310,社会工作(0310)
232,16033001,16033001,行政161,3,公共管理学院(含廉政研究中心),2016,2016,1,330,330,行政管理(0330)
233,16033002,16033002,行政162,3,公共管理学院(含廉政研究中心),2016,2016,1,330,330,行政管理(0330)
234,16041001,16041001,环工161,4,环境科学与工程学院,2016,2016,1,410,410,环境工程(0410)
235,16041002,16041002,环工162,4,环境科学与工程学院,2016,2016,1,410,410,环境工程(0410)
236,16042001,16042001,环科161,4,环境科学与工程学院,2016,2016,1,420,420,环境科学(0420)
237,16042002,16042002,环科162,4,环境科学与工程学院,2016,2016,1,420,420,环境科学(0420)
238,16052001,16052001,化工161,5,化学化工学院,2016,2016,1,520,520,化学工程与工艺(0520)
239,16052002,16052002,化工162,5,化学化工学院,2016,2016,1,520,520,化学工程与工艺(0520)
240,16052003,16052003,化工163,5,化学化工学院,2016,2016,1,,,
241,16051001,16051001,化学161,5,化学化工学院,2016,2016,1,514,514,化学(教师教育)(0514)
242,16051002,16051002,化学162,5,化学化工学院,2016,2016,1,516,516,化学(精细化学品化学与技术)(0516)
243,16053001,16053001,食品161,5,化学化工学院,2016,2016,1,532,532,食品科学与工程(食品质量与安全)(0532)
244,16053002,16053002,食品162,5,化学化工学院,2016,2016,1,533,533,食品科学与工程(食品科学与工程)(0533)
245,16061001,16061001,计机161,6,计算机科学与网络工程学院,2016,2016,1,610,610,计算机科学与技术(0610)
246,16061002,16061002,计机162,6,计算机科学与网络工程学院,2016,2016,1,610,610,计算机科学与技术(0610)
247,16063001,16063001,软件161,6,计算机科学与网络工程学院,2016,2016,1,630,630,软件工程(0630)
248,16063002,16063002,软件162,6,计算机科学与网络工程学院,2016,2016,1,630,630,软件工程(0630)
249,16062001,16062001,网络161,6,计算机科学与网络工程学院,2016,2016,1,620,620,网络工程(0620)
250,16062002,16062002,网络162,6,计算机科学与网络工程学院,2016,2016,1,620,620,网络工程(0620)
251,16073001,16073001,电气161,7,机械与电气工程学院,2016,2016,1,733,733,电气工程及其自动化(电力系统自动化)(0733)
252,16073002,16073002,电气162,7,机械与电气工程学院,2016,2016,1,733,733,电气工程及其自动化(电力系统自动化)(0733)
253,16073003,16073003,电气163,7,机械与电气工程学院,2016,2016,1,734,734,电气工程及其自动化(工业自动化)(0734)
254,16073004,16073004,电气164,7,机械与电气工程学院,2016,2016,1,734,734,电气工程及其自动化(工业自动化)(0734)
255,16074001,16074001,电信161,7,机械与电气工程学院,2016,2016,1,741,741,电子信息工程(电子信息工程)(0741)
256,16074002,16074002,电信162,7,机械与电气工程学院,2016,2016,1,741,741,电子信息工程(电子信息工程)(0741)
257,16074003,6C4E9A2212BD56E1E0531F6411AC48C7,电信163,7,机械与电气工程学院,2016,2016,1,743,743,电子信息工程(音视频与艺术照明工程)(0743)
258,16075001,16075001,工业161,7,机械与电气工程学院,2016,2016,1,750,750,工业设计(0750)
259,16072001,16072001,机械161,7,机械与电气工程学院,2016,2016,1,720,720,机械设计制造及其自动化(0720)
260,16072002,16072002,机械162,7,机械与电气工程学院,2016,2016,1,720,720,机械设计制造及其自动化(0720)
261,16072003,16072003,机械163,7,机械与电气工程学院,2016,2016,1,720,720,机械设计制造及其自动化(0720)
262,16072004,16072004,机械164,7,机械与电气工程学院,2016,2016,1,720,720,机械设计制造及其自动化(0720)
263,16076001,16076001,通信161,7,机械与电气工程学院,2016,2016,1,760,760,通信工程(0760)
264,16082001,16082001,教技161,8,教育学院(师范学院),2016,2016,1,820,820,教育技术学(0820)
265,16081301,16081301,教育161,8,教育学院(师范学院),2016,2016,1,813,813,教育学(特殊儿童心理与教育)(0813)
266,16086001,16086001,小教161,8,教育学院(师范学院),2016,2016,1,860,860,小学教育(0860)
267,16083001,16083001,心理161,8,教育学院(师范学院),2016,2016,1,830,830,心理学(0830)
268,16085001,16085001,学前161,8,教育学院(师范学院),2016,2016,1,850,850,学前教育(0850)
269,16084001,16084001,应心161,8,教育学院(师范学院),2016,2016,1,843,843,应用心理学(人力资源测评与开发)(0843)
270,16084002,16084002,应心162,8,教育学院(师范学院),2016,2016,1,845,845,应用心理学(心理咨询与辅导)(0845)
271,16095001,16095001,城规161,9,建筑与城市规划学院,2016,2016,1,950,950,城乡规划(0950)
272,16095002,16095002,城规162,9,建筑与城市规划学院,2016,2016,1,950,950,城乡规划(0950)
273,16091001,16091001,建筑161,9,建筑与城市规划学院,2016,2016,1,910,910,建筑学(0910)
274,16091002,16091002,建筑162,9,建筑与城市规划学院,2016,2016,1,910,910,建筑学(0910)
275,16091003,16091003,建筑163,9,建筑与城市规划学院,2016,2016,1,910,910,建筑学(0910)
276,16097001,16097001,园林161,9,建筑与城市规划学院,2016,2016,1,970,970,风景园林(0970)
277,16097002,16097002,园林162,9,建筑与城市规划学院,2016,2016,1,970,970,风景园林(0970)
278,16103001,16103001,会展161,10,旅游学院(中法旅游学院),2016,2016,1,1030,1030,会展经济与管理(1030)
279,16103002,16103002,会展162,10,旅游学院(中法旅游学院),2016,2016,1,1030,1030,会展经济与管理(1030)
280,16103003,16103003,会展163,10,旅游学院(中法旅游学院),2016,2016,1,1030,1030,会展经济与管理(1030)
281,16101001,16101001,旅游161,10,旅游学院(中法旅游学院),2016,2016,1,1015,1015,旅游管理(旅游企业管理)(1015)
282,16101002,16101002,旅游162,10,旅游学院(中法旅游学院),2016,2016,1,1013,1013,旅游管理(酒店管理)(1013)
283,16101003,7AAA8589C775222FE053206411ACBB44,旅游163,10,旅游学院(中法旅游学院),2016,2016,1,1027,1027,旅游管理(校企协同育人实验班)(1027)
284,16102001,16102001,中法161,10,旅游学院(中法旅游学院),2016,2016,1,1026,1026,旅游管理[中法](1026)
285,16102002,16102002,中法162,10,旅游学院(中法旅游学院),2016,2016,1,1026,1026,旅游管理[中法](1026)
286,16117001,16117001,产品161,11,美术与设计学院,2016,2016,1,1170,1170,产品设计(1170)
287,16117002,16117002,产品162,11,美术与设计学院,2016,2016,1,1170,1170,产品设计(1170)
288,16112001,16112001,动画161,11,美术与设计学院,2016,2016,1,1127,1127,动画(影视动画)(1127)
289,16112002,16112002,动画162,11,美术与设计学院,2016,2016,1,1127,1127,动画(影视动画)(1127)
290,16112003,16112003,动画163,11,美术与设计学院,2016,2016,1,1128,1128,动画(游戏动画)(1128)
291,16118001,16118001,服装161,11,美术与设计学院,2016,2016,1,1181,1181,服装与服饰设计(服装设计)(1181)
292,16118201,16118201,服装162,11,美术与设计学院,2016,2016,1,1182,1182,服装与服饰设计(服装表演与设计)(1182)
293,16113901,16113901,环设161,11,美术与设计学院,2016,2016,1,1139,1139,环境设计(1139)
294,16113902,16113902,环设162,11,美术与设计学院,2016,2016,1,1139,1139,环境设计(1139)
295,16116001,16116001,绘画161,11,美术与设计学院,2016,2016,1,1160,1160,绘画(1160)
296,16111001,16111001,美术161,11,美术与设计学院,2016,2016,1,1111,1111,美术学(教师教育)(1111)
297,16111002,16111002,美术162,11,美术与设计学院,2016,2016,1,1111,1111,美术学(教师教育)(1111)
298,16111003,16111003,美术163,11,美术与设计学院,2016,2016,1,1112,1112,美术学(工艺美术)(1112)
299,16119001,16119001,视觉161,11,美术与设计学院,2016,2016,1,1190,1190,视觉传达设计(1190)
300,16119002,16119002,视觉162,11,美术与设计学院,2016,2016,1,1190,1190,视觉传达设计(1190)
301,16124001,16124001,汉教161,12,人文学院(含十三行研究中心),2016,2016,1,1240,1240,汉语国际教育(1240)
302,16121001,16121001,汉语161,12,人文学院(含十三行研究中心),2016,2016,1,1211,1211,汉语言文学(教师教育)(1211)
303,16121002,16121002,汉语162,12,人文学院(含十三行研究中心),2016,2016,1,1211,1211,汉语言文学(教师教育)(1211)
304,16121003,16121003,汉语163,12,人文学院(含十三行研究中心),2016,2016,1,1211,1211,汉语言文学(教师教育)(1211)
305,16121004,16121004,汉语164,12,人文学院(含十三行研究中心),2016,2016,1,1215,1215,汉语言文学(创作与编辑)(1215)
306,16121005,16121005,汉语165,12,人文学院(含十三行研究中心),2016,2016,1,1216,1216,汉语言文学(戏剧与影视学)(1216)
307,16121006,16121006,汉语166,12,人文学院(含十三行研究中心),2016,2016,1,1212,1212,汉语言文学(文学)(1212)
308,16121007,16121007,汉语167,12,人文学院(含十三行研究中心),2016,2016,1,1213,1213,汉语言文学(应用语言学)(1213)
309,16121008,16121008,汉语168,12,人文学院(含十三行研究中心),2016,2016,1,1214,1214,汉语言文学(秘书学)(1214)
310,16122001,16122001,历史161,12,人文学院(含十三行研究中心),2016,2016,1,1221,1221,历史学(教师教育)(1221)
311,16122002,16122002,历史162,12,人文学院(含十三行研究中心),2016,2016,1,1222,1222,历史学(文化资源开发与利用)(1222)
312,16125001,16125001,预科161,12,人文学院(含十三行研究中心),2016,2016,1,1250,1250,少数民族预科班(1250)
313,16142001,16142001,生工161,14,生命科学学院,2016,2016,1,1420,1420,生物工程(1420)
314,16142002,16142002,生工162,14,生命科学学院,2016,2016,1,1420,1420,生物工程(1420)
315,16143001,16143001,生技161,14,生命科学学院,2016,2016,1,1430,1430,生物技术(1430)
316,16143002,16143002,生技162,14,生命科学学院,2016,2016,1,1430,1430,生物技术(1430)
317,16141001,16141001,生科161,14,生命科学学院,2016,2016,1,1410,1410,生物科学(1410)
318,16141002,16141002,生科162,14,生命科学学院,2016,2016,1,1410,1410,生物科学(1410)
319,16151001,16151001,数学161,15,数学与信息科学学院,2016,2016,1,1513,1513,数学与应用数学(基础数学)(1513)
320,16151002,16151002,数学162,15,数学与信息科学学院,2016,2016,1,1511,1511,数学与应用数学(教师教育)(1511)
321,16151003,16151003,数学163,15,数学与信息科学学院,2016,2016,1,1511,1511,数学与应用数学(教师教育)(1511)
322,16151004,16151004,数学164,15,数学与信息科学学院,2016,2016,1,1514,1514,数学与应用数学(精算学)(1514)
323,16151005,16151005,数学165,15,数学与信息科学学院,2016,2016,1,1512,1512,数学与应用数学(金融数学)(1512)
324,16153001,16153001,信安161,15,数学与信息科学学院,2016,2016,1,1530,1530,信息安全(1530)
325,16152001,16152001,信计161,15,数学与信息科学学院,2016,2016,1,1520,1520,信息与计算科学(1520)
326,16165001,16165001,给排161,16,土木工程学院,2016,2016,1,1650,1650,给排水科学与工程(1650)
327,16165002,16165002,给排162,16,土木工程学院,2016,2016,1,1650,1650,给排水科学与工程(1650)
328,16166001,16166001,建能161,16,土木工程学院,2016,2016,1,1660,1660,建筑环境与能源应用工程(1660)
329,16166002,16166002,建能162,16,土木工程学院,2016,2016,1,1660,1660,建筑环境与能源应用工程(1660)
330,16162001,16162001,交通161,16,土木工程学院,2016,2016,1,1620,1620,交通工程(1620)
331,16161001,16161001,土木161,16,土木工程学院,2016,2016,1,1614,1614,土木工程(结构分析)(1614)
332,16161002,16161002,土木162,16,土木工程学院,2016,2016,1,1613,1613,土木工程(地下建筑工程)(1613)
333,16161003,16161003,土木163,16,土木工程学院,2016,2016,1,1613,1613,土木工程(地下建筑工程)(1613)
334,16161004,16161004,土木164,16,土木工程学院,2016,2016,1,1612,1612,土木工程(道路与桥梁工程)(1612)
335,16161005,16161005,土木165,16,土木工程学院,2016,2016,1,1612,1612,土木工程(道路与桥梁工程)(1612)
336,16161006,16161006,土木166,16,土木工程学院,2016,2016,1,1611,1611,土木工程(建筑工程)(1611)
337,16161007,16161007,土木167,16,土木工程学院,2016,2016,1,1611,1611,土木工程(建筑工程)(1611)
338,16161008,16161008,土木168,16,土木工程学院,2016,2016,1,1611,1611,土木工程(建筑工程)(1611)
339,16161009,16161009,土木169,16,土木工程学院,2016,2016,1,1615,1615,土木工程(福霖班）(1615)
340,16173001,16173001,社体161,17,体育学院,2016,2016,1,1730,1730,社会体育指导与管理(1730)
341,16173002,16173002,社体162,17,体育学院,2016,2016,1,1730,1730,社会体育指导与管理(1730)
342,16171001,16171001,体教161,17,体育学院,2016,2016,1,1710,1710,体育教育(1710)
343,16171002,16171002,体教162,17,体育学院,2016,2016,1,1710,1710,体育教育(1710)
344,16183001,16183001,法语161,18,外国语学院,2016,2016,1,1830,1830,法语(1830)
345,16182001,16182001,日语161,18,外国语学院,2016,2016,1,1820,1820,日语(1820)
346,16181001,16181001,英语161,18,外国语学院,2016,2016,1,1814,1814,英语(教师教育)(1814)
347,16181002,16181002,英语162,18,外国语学院,2016,2016,1,1814,1814,英语(教师教育)(1814)
348,16181003,16181003,英语163,18,外国语学院,2016,2016,1,1814,1814,英语(教师教育)(1814)
349,16181004,16181004,英语164,18,外国语学院,2016,2016,1,1814,1814,英语(教师教育)(1814)
350,16181005,16181005,英语165,18,外国语学院,2016,2016,1,1812,1812,英语(翻译)(1812)
351,16181006,16181006,英语166,18,外国语学院,2016,2016,1,1812,1812,英语(翻译)(1812)
352,16181007,16181007,英语167,18,外国语学院,2016,2016,1,1811,1811,英语(国际商务)(1811)
353,16181008,16181008,英语168,18,外国语学院,2016,2016,1,1811,1811,英语(国际商务)(1811)
354,16181009,16181009,英语169,18,外国语学院,2016,2016,1,1811,1811,英语(国际商务)(1811)
355,16192001,16192001,电子161,19,物理与电子工程学院,2016,2016,1,1923,1923,电子信息科学与技术(物联网技术)(1923)
356,16192002,16192002,电子162,19,物理与电子工程学院,2016,2016,1,1923,1923,电子信息科学与技术(物联网技术)(1923)
357,16194001,16194001,光电161,19,物理与电子工程学院,2016,2016,1,1940,1940,光电信息科学与工程(1940)
358,16194002,16194002,光电162,19,物理与电子工程学院,2016,2016,1,1940,1940,光电信息科学与工程(1940)
359,16191001,16191001,物理161,19,物理与电子工程学院,2016,2016,1,19A5,19A5,物理学(教师教育)(19A5)
360,16191002,16191002,物理162,19,物理与电子工程学院,2016,2016,1,19A5,19A5,物理学(教师教育)(19A5)
361,16195001,16195001,物联161,19,物理与电子工程学院,2016,2016,1,1950,1950,物联网工程(1950)
362,16195002,16195002,物联162,19,物理与电子工程学院,2016,2016,1,1950,1950,物联网工程(1950)
363,16203001,16203001,播音161,20,新闻与传播学院,2016,2016,1,2030,2030,播音与主持艺术(2030)
364,16203002,16203002,播音162,20,新闻与传播学院,2016,2016,1,2030,2030,播音与主持艺术(2030)
365,16203003,16203003,播音163,20,新闻与传播学院,2016,2016,1,2030,2030,播音与主持艺术(2030)
366,16204001,16204001,广编161,20,新闻与传播学院,2016,2016,1,2040,2040,广播电视编导(2040)
367,16204002,16204002,广编162,20,新闻与传播学院,2016,2016,1,2040,2040,广播电视编导(2040)
368,16204003,16204003,广编163,20,新闻与传播学院,2016,2016,1,2040,2040,广播电视编导(2040)
369,16204004,6E8560F4504B7BEFE053206411ACEA3D,广编164,20,新闻与传播学院,2016,2016,1,2041,2041,广播电视编导(校企协同育人实验班)(2041)
370,16205001,16205001,广电161,20,新闻与传播学院,2016,2016,1,2050,2050,广播电视学(2050)
371,16205002,16205002,广电162,20,新闻与传播学院,2016,2016,1,2050,2050,广播电视学(2050)
372,16202001,16202001,广告161,20,新闻与传播学院,2016,2016,1,2020,2020,广告学(2020)
373,16206001,16206001,媒体161,20,新闻与传播学院,2016,2016,1,2060,2060,网络与新媒体(2060)
374,16212001,16212001,舞蹈161,21,音乐舞蹈学院,2016,2016,1,2121,2121,舞蹈编导(教师教育)(2121)
375,16212002,16212002,舞蹈162,21,音乐舞蹈学院,2016,2016,1,2122,2122,舞蹈编导(编导)(2122)
376,16211001,16211001,音乐161,21,音乐舞蹈学院,2016,2016,1,2110,2110,音乐学(2110)
377,16211002,16211002,音乐162,21,音乐舞蹈学院,2016,2016,1,2110,2110,音乐学(2110)
378,16211003,16211003,音乐163,21,音乐舞蹈学院,2016,2016,1,2110,2110,音乐学(2110)
379,16631001,16631001,思教161,63,马克思主义学院(政治与公民教育学院),2016,2016,1,6310,6310,思想政治教育(6310)
380,16641001,16641001,国贸161,64,经济与统计学院,2016,2016,1,6410,6410,国际经济与贸易(6410)
381,16641002,16641002,国贸162,64,经济与统计学院,2016,2016,1,6410,6410,国际经济与贸易(6410)
382,16641003,16641003,国贸163,64,经济与统计学院,2016,2016,1,6410,6410,国际经济与贸易(6410)
383,16641004,16641004,国贸164,64,经济与统计学院,2016,2016,1,6410,6410,国际经济与贸易(6410)
384,16643001,16643001,会计161,64,经济与统计学院,2016,2016,1,6430,6430,会计学(6430)
385,16643002,16643002,会计162,64,经济与统计学院,2016,2016,1,6430,6430,会计学(6430)
386,16643003,16643003,会计163,64,经济与统计学院,2016,2016,1,6430,6430,会计学(6430)
387,16643004,16643004,会计164,64,经济与统计学院,2016,2016,1,6430,6430,会计学(6430)
388,16646001,16646001,金工161,64,经济与统计学院,2016,2016,1,6460,6460,金融工程(6460)
389,16642001,16642001,金融161,64,经济与统计学院,2016,2016,1,6420,6420,金融学(6420)
390,16642002,16642002,金融162,64,经济与统计学院,2016,2016,1,6420,6420,金融学(6420)
391,16642003,16642003,金融163,64,经济与统计学院,2016,2016,1,6420,6420,金融学(6420)
392,16642004,16642004,金融164,64,经济与统计学院,2016,2016,1,6420,6420,金融学(6420)
393,16645001,16645001,经济161,64,经济与统计学院,2016,2016,1,6450,6450,经济学(6450)
394,16644001,16644001,统计161,64,经济与统计学院,2016,2016,1,6440,6440,统计学(6440)
395,16658001,16658001,电商161,65,工商管理学院,2016,2016,1,6580,6580,电子商务(6580)
396,16658002,16658002,电商162,65,工商管理学院,2016,2016,1,6580,6580,电子商务(6580)
397,16651001,16651001,房产161,65,工商管理学院,2016,2016,1,6510,6510,房地产开发与管理(6510)
398,16654001,16654001,工程161,65,工商管理学院,2016,2016,1,6541,6541,工程管理(投资与造价管理)(6541)
399,16654002,16654002,工程162,65,工商管理学院,2016,2016,1,6541,6541,工程管理(投资与造价管理)(6541)
400,16654003,7AA97C1882277824E053206411AC3135,工程163,65,工商管理学院,2016,2016,1,6543,6543,工程管理(物业管理)(6543)
401,16655001,16655001,工商161,65,工商管理学院,2016,2016,1,6550,6550,工商管理(6550)
402,16655002,16655002,工商162,65,工商管理学院,2016,2016,1,6550,6550,工商管理(6550)
403,16655003,16655003,工商163,65,工商管理学院,2016,2016,1,6550,6550,工商管理(6550)
404,16657001,16657001,人力161,65,工商管理学院,2016,2016,1,6570,6570,人力资源管理(6570)
405,16657002,16657002,人力162,65,工商管理学院,2016,2016,1,6570,6570,人力资源管理(6570)
406,16656001,16656001,市场161,65,工商管理学院,2016,2016,1,6560,6560,市场营销(6560)
407,16656002,16656002,市场162,65,工商管理学院,2016,2016,1,6560,6560,市场营销(6560)
408,16659001,16659001,物流161,65,工商管理学院,2016,2016,1,6590,6590,物流管理(6590)
409,16659002,16659002,物流162,65,工商管理学院,2016,2016,1,6590,6590,物流管理(6590)
410,16652001,16652001,物业161,65,工商管理学院,2016,2016,1,,,
411,16661003,16661003,工卫161,66,卫斯理安学院,2016,2016,1,6612,6612,工商管理(卫斯理安)(6612)
412,16661002,16661002,经卫161,66,卫斯理安学院,2016,2016,1,6611,6611,经济学(卫斯理安)(6611)
413,16661001,16661001,卫斯161,66,卫斯理安学院,2016,2016,1,,,
414,16661004,16661004,应卫161,66,卫斯理安学院,2016,2016,1,6613,6613,应用心理学(卫斯理安)(6613)
415,16300101,16300101,法学（二）161,30,第二专业,2016,2016,1,3001,3001,法学(二)(3001)
416,16301201,16301201,房产（二）161,30,第二专业,2016,2016,1,,,
417,16300701,16300701,工商（二）161,30,第二专业,2016,2016,1,,,
418,16301101,16301101,广告（二）161,30,第二专业,2016,2016,1,3011,3011,广告学（二）(3011)
419,16300901,16300901,会计（二）161,30,第二专业,2016,2016,1,3009,3009,会计学(二)(3009)
420,16301001,16301001,金融（二）161,30,第二专业,2016,2016,1,3010,3010,金融学(二)(3010)
421,16301501,16301501,软件（二）161,30,第二专业,2016,2016,1,3015,3015,软件工程（二）(3015)
422,16300501,16300501,英语（二）161,30,第二专业,2016,2016,1,3005,3005,英语(二)(3005)
423,16300502,16300502,英语（二）162,30,第二专业,2016,2016,1,3005,3005,英语(二)(3005)
424,16300503,16300503,英语（二）163,30,第二专业,2016,2016,1,3005,3005,英语(二)(3005)
425,16300504,16300504,英语（二）164,30,第二专业,2016,2016,1,3005,3005,英语(二)(3005)
426,16300801,16300801,应心（二）161,30,第二专业,2016,2016,1,3008,3008,应用心理学(二)(3008)
427,17015001,17015001,地规171,1,地理科学学院,2017,2017,1,151,151,人文地理与城乡规划(不动产)(0151)
428,17015002,17015002,地规172,1,地理科学学院,2017,2017,1,151,151,人文地理与城乡规划(不动产)(0151)
429,17011001,17011001,地理171,1,地理科学学院,2017,2017,1,110,110,地理科学(0110)
430,17011002,17011002,地理172,1,地理科学学院,2017,2017,1,110,110,地理科学(0110)
431,17014001,17014001,地信171,1,地理科学学院,2017,2017,1,140,140,地理信息科学(0140)
432,17017001,17017001,土地171,1,地理科学学院,2017,2017,1,170,170,土地资源管理(0170)
433,17021001,17021001,法学171,2,法学院(律师学院)(含检察理论研究中心),2017,2017,1,212,212,法学(律师)(0212)
434,17021002,17021002,法学172,2,法学院(律师学院)(含检察理论研究中心),2017,2017,1,210,210,法学(0210)
435,17021003,17021003,法学173,2,法学院(律师学院)(含检察理论研究中心),2017,2017,1,210,210,法学(0210)
436,17021004,17021004,法学174,2,法学院(律师学院)(含检察理论研究中心),2017,2017,1,210,210,法学(0210)
437,17021005,17021005,法学175,2,法学院(律师学院)(含检察理论研究中心),2017,2017,1,210,210,法学(0210)
438,17021006,17021006,法学176,2,法学院(律师学院)(含检察理论研究中心),2017,2017,1,210,210,法学(0210)
439,17021007,7AAA8589C7AF222FE053206411ACBB44,法学177,2,法学院(律师学院)(含检察理论研究中心),2017,2017,1,210,210,法学(0210)
440,17034001,17034001,公共171,3,公共管理学院(含廉政研究中心),2017,2017,1,340,340,公共事业管理(0340)
441,17033401,17033401,公共高171,3,公共管理学院(含廉政研究中心),2017,2017,1,334,334,公共事业管理（高水平运动员）(0334)
442,17031001,17031001,社工171,3,公共管理学院(含廉政研究中心),2017,2017,1,310,310,社会工作(0310)
443,17035001,17035001,社会171,3,公共管理学院(含廉政研究中心),2017,2017,1,350,350,社会学(0350)
444,17033001,17033001,行政171,3,公共管理学院(含廉政研究中心),2017,2017,1,330,330,行政管理(0330)
445,17033002,17033002,行政172,3,公共管理学院(含廉政研究中心),2017,2017,1,330,330,行政管理(0330)
446,17033003,17033003,行政173,3,公共管理学院(含廉政研究中心),2017,2017,1,330,330,行政管理(0330)
447,17041001,17041001,环工171,4,环境科学与工程学院,2017,2017,1,410,410,环境工程(0410)
448,17041002,17041002,环工172,4,环境科学与工程学院,2017,2017,1,410,410,环境工程(0410)
449,17042001,17042001,环科171,4,环境科学与工程学院,2017,2017,1,420,420,环境科学(0420)
450,17042002,17042002,环科172,4,环境科学与工程学院,2017,2017,1,420,420,环境科学(0420)
451,17052001,17052001,化工171,5,化学化工学院,2017,2017,1,520,520,化学工程与工艺(0520)
452,17052002,17052002,化工172,5,化学化工学院,2017,2017,1,520,520,化学工程与工艺(0520)
453,17052003,17052003,化工173,5,化学化工学院,2017,2017,1,520,520,化学工程与工艺(0520)
454,17051001,17051001,化学171,5,化学化工学院,2017,2017,1,514,514,化学(教师教育)(0514)
455,17051002,17051002,化学172,5,化学化工学院,2017,2017,1,516,516,化学(精细化学品化学与技术)(0516)
456,17051003,17051003,化学173,5,化学化工学院,2017,2017,1,515,515,化学(功能材料化学)(0515)
457,17053001,17053001,食品171,5,化学化工学院,2017,2017,1,530,530,食品科学与工程(0530)
458,17053002,17053002,食品172,5,化学化工学院,2017,2017,1,530,530,食品科学与工程(0530)
459,17061001,17061001,计科171,6,计算机科学与网络工程学院,2017,2017,1,610,610,计算机科学与技术(0610)
460,17061002,17061002,计科172,6,计算机科学与网络工程学院,2017,2017,1,610,610,计算机科学与技术(0610)
461,17061003,17061003,计科173,6,计算机科学与网络工程学院,2017,2017,1,610,610,计算机科学与技术(0610)
462,17061004,17061004,计科174,6,计算机科学与网络工程学院,2017,2017,1,610,610,计算机科学与技术(0610)
463,17063001,17063001,软件171,6,计算机科学与网络工程学院,2017,2017,1,630,630,软件工程(0630)
464,17063002,17063002,软件172,6,计算机科学与网络工程学院,2017,2017,1,630,630,软件工程(0630)
465,17063003,17063003,软件173,6,计算机科学与网络工程学院,2017,2017,1,630,630,软件工程(0630)
466,17063004,17063004,软件174,6,计算机科学与网络工程学院,2017,2017,1,630,630,软件工程(0630)
467,17062001,17062001,网络171,6,计算机科学与网络工程学院,2017,2017,1,620,620,网络工程(0620)
468,17062002,17062002,网络172,6,计算机科学与网络工程学院,2017,2017,1,620,620,网络工程(0620)
469,17062003,17062003,网络173,6,计算机科学与网络工程学院,2017,2017,1,620,620,网络工程(0620)
470,17073001,17073001,电气171,7,机械与电气工程学院,2017,2017,1,730,730,电气工程及其自动化(0730)
471,17073002,17073002,电气172,7,机械与电气工程学院,2017,2017,1,730,730,电气工程及其自动化(0730)
472,17073003,17073003,电气173,7,机械与电气工程学院,2017,2017,1,730,730,电气工程及其自动化(0730)
473,17073004,17073004,电气174,7,机械与电气工程学院,2017,2017,1,730,730,电气工程及其自动化(0730)
474,17073005,878DA39B5C081DE3E0531F6411ACBF10,电气175,7,机械与电气工程学院,2017,2017,1,730,730,电气工程及其自动化(0730)
475,17074001,17074001,电信171,7,机械与电气工程学院,2017,2017,1,740,740,电子信息工程(0740)
476,17074002,17074002,电信172,7,机械与电气工程学院,2017,2017,1,740,740,电子信息工程(0740)
477,17077001,17077001,机器171,7,机械与电气工程学院,2017,2017,1,770,770,机器人工程(0770)
478,17077002,17077002,机器172,7,机械与电气工程学院,2017,2017,1,770,770,机器人工程(0770)
479,17072001,17072001,机械171,7,机械与电气工程学院,2017,2017,1,720,720,机械设计制造及其自动化(0720)
480,17072002,17072002,机械172,7,机械与电气工程学院,2017,2017,1,720,720,机械设计制造及其自动化(0720)
481,17072003,17072003,机械173,7,机械与电气工程学院,2017,2017,1,720,720,机械设计制造及其自动化(0720)
482,17072004,17072004,机械174,7,机械与电气工程学院,2017,2017,1,720,720,机械设计制造及其自动化(0720)
483,17076001,17076001,通信171,7,机械与电气工程学院,2017,2017,1,760,760,通信工程(0760)
484,17082001,17082001,教技171,8,教育学院(师范学院),2017,2017,1,820,820,教育技术学(0820)
485,17087001,17087001,特教171,8,教育学院(师范学院),2017,2017,1,870,870,特殊教育(0870)
486,17086001,17086001,小教171,8,教育学院(师范学院),2017,2017,1,860,860,小学教育(0860)
487,17086002,17086002,小教172,8,教育学院(师范学院),2017,2017,1,,,
488,17083001,17083001,心理171,8,教育学院(师范学院),2017,2017,1,830,830,心理学(0830)
489,17085001,17085001,学前171,8,教育学院(师范学院),2017,2017,1,850,850,学前教育(0850)
490,17084001,17084001,应心171,8,教育学院(师范学院),2017,2017,1,843,843,应用心理学(人力资源测评与开发)(0843)
491,17084002,17084002,应心172,8,教育学院(师范学院),2017,2017,1,845,845,应用心理学(心理咨询与辅导)(0845)
492,17095001,17095001,城规171,9,建筑与城市规划学院,2017,2017,1,950,950,城乡规划(0950)
493,17095002,17095002,城规172,9,建筑与城市规划学院,2017,2017,1,950,950,城乡规划(0950)
494,17091001,17091001,建筑171,9,建筑与城市规划学院,2017,2017,1,910,910,建筑学(0910)
495,17091002,17091002,建筑172,9,建筑与城市规划学院,2017,2017,1,910,910,建筑学(0910)
496,17091003,17091003,建筑173,9,建筑与城市规划学院,2017,2017,1,910,910,建筑学(0910)
497,17097001,17097001,园林171,9,建筑与城市规划学院,2017,2017,1,970,970,风景园林(0970)
498,17097002,17097002,园林172,9,建筑与城市规划学院,2017,2017,1,970,970,风景园林(0970)
499,17103001,17103001,会展171,10,旅游学院(中法旅游学院),2017,2017,1,1030,1030,会展经济与管理(1030)
500,17103002,17103002,会展172,10,旅游学院(中法旅游学院),2017,2017,1,1030,1030,会展经济与管理(1030)
501,17103003,17103003,会展173,10,旅游学院(中法旅游学院),2017,2017,1,,,
502,17101001,17101001,旅游171,10,旅游学院(中法旅游学院),2017,2017,1,1010,1010,旅游管理(1010)
503,17101002,17101002,旅游172,10,旅游学院(中法旅游学院),2017,2017,1,1010,1010,旅游管理(1010)
504,17102601,17102601,中法171,10,旅游学院(中法旅游学院),2017,2017,1,1026,1026,旅游管理[中法](1026)
505,17102602,17102602,中法172,10,旅游学院(中法旅游学院),2017,2017,1,,,
506,17117001,17117001,产品171,11,美术与设计学院,2017,2017,1,1170,1170,产品设计(1170)
507,17112001,17112001,动画171,11,美术与设计学院,2017,2017,1,1127,1127,动画(影视动画)(1127)
508,17112002,17112002,动画172,11,美术与设计学院,2017,2017,1,1127,1127,动画(影视动画)(1127)
509,17112003,17112003,动画173,11,美术与设计学院,2017,2017,1,1128,1128,动画(游戏动画)(1128)
510,17118001,17118001,服装171,11,美术与设计学院,2017,2017,1,1181,1181,服装与服饰设计(服装设计)(1181)
511,17118002,17118002,服装172,11,美术与设计学院,2017,2017,1,1182,1182,服装与服饰设计(服装表演与设计)(1182)
512,17113901,17113901,环设171,11,美术与设计学院,2017,2017,1,1139,1139,环境设计(1139)
513,17113902,17113902,环设172,11,美术与设计学院,2017,2017,1,1139,1139,环境设计(1139)
514,17116001,17116001,绘画171,11,美术与设计学院,2017,2017,1,1160,1160,绘画(1160)
515,17116002,17116002,绘画172,11,美术与设计学院,2017,2017,1,1160,1160,绘画(1160)
516,17111001,17111001,美术171,11,美术与设计学院,2017,2017,1,1111,1111,美术学(教师教育)(1111)
517,17111002,17111002,美术172,11,美术与设计学院,2017,2017,1,1111,1111,美术学(教师教育)(1111)
518,17119001,17119001,视觉171,11,美术与设计学院,2017,2017,1,1190,1190,视觉传达设计(1190)
519,17119002,17119002,视觉172,11,美术与设计学院,2017,2017,1,1190,1190,视觉传达设计(1190)
520,17124001,17124001,汉教171,12,人文学院(含十三行研究中心),2017,2017,1,1240,1240,汉语国际教育(1240)
521,17124002,17124002,汉教172,12,人文学院(含十三行研究中心),2017,2017,1,1240,1240,汉语国际教育(1240)
522,17121001,17121001,汉语171,12,人文学院(含十三行研究中心),2017,2017,1,1211,1211,汉语言文学(教师教育)(1211)
523,17121002,17121002,汉语172,12,人文学院(含十三行研究中心),2017,2017,1,1211,1211,汉语言文学(教师教育)(1211)
524,17121003,17121003,汉语173,12,人文学院(含十三行研究中心),2017,2017,1,1211,1211,汉语言文学(教师教育)(1211)
525,17121004,17121004,汉语174,12,人文学院(含十三行研究中心),2017,2017,1,1211,1211,汉语言文学(教师教育)(1211)
526,17121005,17121005,汉语175,12,人文学院(含十三行研究中心),2017,2017,1,1216,1216,汉语言文学(戏剧与影视学)(1216)
527,17121006,17121006,汉语176,12,人文学院(含十三行研究中心),2017,2017,1,1215,1215,汉语言文学(创作与编辑)(1215)
528,17121007,17121007,汉语177,12,人文学院(含十三行研究中心),2017,2017,1,1213,1213,汉语言文学(应用语言学)(1213)
529,17121008,17121008,汉语178,12,人文学院(含十三行研究中心),2017,2017,1,1214,1214,汉语言文学(秘书学)(1214)
530,17122001,17122001,历史171,12,人文学院(含十三行研究中心),2017,2017,1,1221,1221,历史学(教师教育)(1221)
531,17122002,17122002,历史172,12,人文学院(含十三行研究中心),2017,2017,1,1222,1222,历史学(文化资源开发与利用)(1222)
532,17125001,17125001,预科171,12,人文学院(含十三行研究中心),2017,2017,1,1250,1250,少数民族预科班(1250)
533,17142001,17142001,生工171,14,生命科学学院,2017,2017,1,1420,1420,生物工程(1420)
534,17142002,17142002,生工172,14,生命科学学院,2017,2017,1,,,
535,17143001,17143001,生技171,14,生命科学学院,2017,2017,1,1430,1430,生物技术(1430)
536,17143002,17143002,生技172,14,生命科学学院,2017,2017,1,,,
537,17141001,17141001,生科171,14,生命科学学院,2017,2017,1,1410,1410,生物科学(1410)
538,17141002,17141002,生科172,14,生命科学学院,2017,2017,1,1410,1410,生物科学(1410)
539,17151001,17151001,数学171,15,数学与信息科学学院,2017,2017,1,1513,1513,数学与应用数学(基础数学)(1513)
540,17151002,17151002,数学172,15,数学与信息科学学院,2017,2017,1,1511,1511,数学与应用数学(教师教育)(1511)
541,17151003,17151003,数学173,15,数学与信息科学学院,2017,2017,1,1511,1511,数学与应用数学(教师教育)(1511)
542,17151004,17151004,数学174,15,数学与信息科学学院,2017,2017,1,1514,1514,数学与应用数学(精算学)(1514)
543,17151005,6BBD1DA357233F0BE053206411AC85EB,数学175,15,数学与信息科学学院,2017,2017,1,1512,1512,数学与应用数学(金融数学)(1512)
544,17153001,17153001,信安171,15,数学与信息科学学院,2017,2017,1,1530,1530,信息安全(1530)
545,17152001,17152001,信计171,15,数学与信息科学学院,2017,2017,1,1520,1520,信息与计算科学(1520)
546,17165001,17165001,给排171,16,土木工程学院,2017,2017,1,1650,1650,给排水科学与工程(1650)
547,17165002,17165002,给排172,16,土木工程学院,2017,2017,1,1650,1650,给排水科学与工程(1650)
548,17166001,17166001,建能171,16,土木工程学院,2017,2017,1,1660,1660,建筑环境与能源应用工程(1660)
549,17166002,17166002,建能172,16,土木工程学院,2017,2017,1,1660,1660,建筑环境与能源应用工程(1660)
550,17162001,17162001,交通171,16,土木工程学院,2017,2017,1,1620,1620,交通工程(1620)
551,17161001,17161001,土木171,16,土木工程学院,2017,2017,1,1614,1614,土木工程(结构分析)(1614)
552,17161002,17161002,土木172,16,土木工程学院,2017,2017,1,1613,1613,土木工程(地下建筑工程)(1613)
553,17161003,17161003,土木173,16,土木工程学院,2017,2017,1,1613,1613,土木工程(地下建筑工程)(1613)
554,17161004,17161004,土木174,16,土木工程学院,2017,2017,1,1612,1612,土木工程(道路与桥梁工程)(1612)
555,17161005,17161005,土木175,16,土木工程学院,2017,2017,1,1612,1612,土木工程(道路与桥梁工程)(1612)
556,17161006,17161006,土木176,16,土木工程学院,2017,2017,1,1611,1611,土木工程(建筑工程)(1611)
557,17161007,17161007,土木177,16,土木工程学院,2017,2017,1,1611,1611,土木工程(建筑工程)(1611)
558,17161008,17161008,土木178,16,土木工程学院,2017,2017,1,1611,1611,土木工程(建筑工程)(1611)
559,17161009,17161009,土木179,16,土木工程学院,2017,2017,1,1615,1615,土木工程(福霖班）(1615)
560,17173001,17173001,社体171,17,体育学院,2017,2017,1,1730,1730,社会体育指导与管理(1730)
561,17173002,17173002,社体172,17,体育学院,2017,2017,1,1730,1730,社会体育指导与管理(1730)
562,17171001,17171001,体教171,17,体育学院,2017,2017,1,1710,1710,体育教育(1710)
563,17171002,17171002,体教172,17,体育学院,2017,2017,1,1710,1710,体育教育(1710)
564,17183001,17183001,法语171,18,外国语学院,2017,2017,1,1830,1830,法语(1830)
565,17182001,17182001,日语171,18,外国语学院,2017,2017,1,1820,1820,日语(1820)
566,17182002,17182002,日语172,18,外国语学院,2017,2017,1,1820,1820,日语(1820)
567,17181001,17181001,英语171,18,外国语学院,2017,2017,1,1814,1814,英语(教师教育)(1814)
568,17181002,17181002,英语172,18,外国语学院,2017,2017,1,1814,1814,英语(教师教育)(1814)
569,17181003,17181003,英语173,18,外国语学院,2017,2017,1,1814,1814,英语(教师教育)(1814)
570,17181004,17181004,英语174,18,外国语学院,2017,2017,1,1814,1814,英语(教师教育)(1814)
571,17181005,17181005,英语175,18,外国语学院,2017,2017,1,1812,1812,英语(翻译)(1812)
572,17181006,17181006,英语176,18,外国语学院,2017,2017,1,1812,1812,英语(翻译)(1812)
573,17181007,17181007,英语177,18,外国语学院,2017,2017,1,1811,1811,英语(国际商务)(1811)
574,17181008,17181008,英语178,18,外国语学院,2017,2017,1,1811,1811,英语(国际商务)(1811)
575,17181009,17181009,英语179,18,外国语学院,2017,2017,1,1811,1811,英语(国际商务)(1811)
576,17192001,17192001,电子171,19,物理与电子工程学院,2017,2017,1,1920,1920,电子信息科学与技术(1920)
577,17194001,17194001,光电171,19,物理与电子工程学院,2017,2017,1,1940,1940,光电信息科学与工程(1940)
578,17194002,17194002,光电172,19,物理与电子工程学院,2017,2017,1,1940,1940,光电信息科学与工程(1940)
579,17191001,17191001,物理171,19,物理与电子工程学院,2017,2017,1,1910,1910,物理学(1910)
580,17191002,17191002,物理172,19,物理与电子工程学院,2017,2017,1,1910,1910,物理学(1910)
581,17195001,17195001,物联171,19,物理与电子工程学院,2017,2017,1,1950,1950,物联网工程(1950)
582,17195002,17195002,物联172,19,物理与电子工程学院,2017,2017,1,1950,1950,物联网工程(1950)
583,17203001,17203001,播音171,20,新闻与传播学院,2017,2017,1,2030,2030,播音与主持艺术(2030)
584,17203002,17203002,播音172,20,新闻与传播学院,2017,2017,1,2030,2030,播音与主持艺术(2030)
585,17203003,17203003,播音173,20,新闻与传播学院,2017,2017,1,2030,2030,播音与主持艺术(2030)
586,17204001,17204001,广播171,20,新闻与传播学院,2017,2017,1,2040,2040,广播电视编导(2040)
587,17204002,17204002,广播172,20,新闻与传播学院,2017,2017,1,2040,2040,广播电视编导(2040)
588,17205001,17205001,广电171,20,新闻与传播学院,2017,2017,1,2050,2050,广播电视学(2050)
589,17205002,17205002,广电172,20,新闻与传播学院,2017,2017,1,2050,2050,广播电视学(2050)
590,17202001,17202001,广告171,20,新闻与传播学院,2017,2017,1,2020,2020,广告学(2020)
591,17206001,17206001,媒体171,20,新闻与传播学院,2017,2017,1,2060,2060,网络与新媒体(2060)
592,17211004,17211004,社音171,21,音乐舞蹈学院,2017,2017,1,2112,2112,音乐学(社会音乐)(2112)
593,17211005,17211005,社音172,21,音乐舞蹈学院,2017,2017,1,2112,2112,音乐学(社会音乐)(2112)
594,17212001,17212001,舞蹈171,21,音乐舞蹈学院,2017,2017,1,2122,2122,舞蹈编导(编导)(2122)
595,17212002,17212002,舞蹈172,21,音乐舞蹈学院,2017,2017,1,2122,2122,舞蹈编导(编导)(2122)
596,17211001,17211001,音乐171,21,音乐舞蹈学院,2017,2017,1,2111,2111,音乐学(教师教育)(2111)
597,17211002,17211002,音乐172,21,音乐舞蹈学院,2017,2017,1,2111,2111,音乐学(教师教育)(2111)
598,17211003,17211003,音乐173,21,音乐舞蹈学院,2017,2017,1,2111,2111,音乐学(教师教育)(2111)
599,17631001,17631001,思教171,63,马克思主义学院(政治与公民教育学院),2017,2017,1,6310,6310,思想政治教育(6310)
600,17641001,17641001,国贸171,64,经济与统计学院,2017,2017,1,6410,6410,国际经济与贸易(6410)
601,17641002,17641002,国贸172,64,经济与统计学院,2017,2017,1,6410,6410,国际经济与贸易(6410)
602,17641003,17641003,国贸173,64,经济与统计学院,2017,2017,1,6410,6410,国际经济与贸易(6410)
603,17641004,17641004,国贸174,64,经济与统计学院,2017,2017,1,6410,6410,国际经济与贸易(6410)
604,17643001,17643001,会计171,64,经济与统计学院,2017,2017,1,6430,6430,会计学(6430)
605,17643002,17643002,会计172,64,经济与统计学院,2017,2017,1,6430,6430,会计学(6430)
606,17643003,17643003,会计173,64,经济与统计学院,2017,2017,1,6430,6430,会计学(6430)
607,17643004,17643004,会计174,64,经济与统计学院,2017,2017,1,6430,6430,会计学(6430)
608,17646001,17646001,金工171,64,经济与统计学院,2017,2017,1,6460,6460,金融工程(6460)
609,17642001,17642001,金融171,64,经济与统计学院,2017,2017,1,6420,6420,金融学(6420)
610,17642002,17642002,金融172,64,经济与统计学院,2017,2017,1,6420,6420,金融学(6420)
611,17642003,17642003,金融173,64,经济与统计学院,2017,2017,1,6420,6420,金融学(6420)
612,17642004,17642004,金融174,64,经济与统计学院,2017,2017,1,6420,6420,金融学(6420)
613,17645001,17645001,经济171,64,经济与统计学院,2017,2017,1,6450,6450,经济学(6450)
614,17644001,17644001,统计171,64,经济与统计学院,2017,2017,1,6440,6440,统计学(6440)
615,17658001,17658001,电商171,65,工商管理学院,2017,2017,1,6580,6580,电子商务(6580)
616,17658002,17658002,电商172,65,工商管理学院,2017,2017,1,6580,6580,电子商务(6580)
617,17651001,17651001,房产171,65,工商管理学院,2017,2017,1,6510,6510,房地产开发与管理(6510)
618,17651002,17651002,房产172,65,工商管理学院,2017,2017,1,,,
619,17654001,17654001,工程171,65,工商管理学院,2017,2017,1,6540,6540,工程管理(6540)
620,17654002,17654002,工程172,65,工商管理学院,2017,2017,1,6540,6540,工程管理(6540)
621,17654003,6D4EA76B4D9916CDE053206411ACB287,工程173,65,工商管理学院,2017,2017,1,6540,6540,工程管理(6540)
622,17655001,17655001,工商171,65,工商管理学院,2017,2017,1,6550,6550,工商管理(6550)
623,17655002,17655002,工商172,65,工商管理学院,2017,2017,1,6550,6550,工商管理(6550)
624,17655003,17655003,工商173,65,工商管理学院,2017,2017,1,6550,6550,工商管理(6550)
625,17655004,17655004,工商174,65,工商管理学院,2017,2017,1,6550,6550,工商管理(6550)
626,17657001,17657001,人力171,65,工商管理学院,2017,2017,1,6570,6570,人力资源管理(6570)
627,17657002,17657002,人力172,65,工商管理学院,2017,2017,1,6570,6570,人力资源管理(6570)
628,17657003,17657003,人力173,65,工商管理学院,2017,2017,1,,,
629,17656001,17656001,市场171,65,工商管理学院,2017,2017,1,6560,6560,市场营销(6560)
630,17656002,17656002,市场172,65,工商管理学院,2017,2017,1,6560,6560,市场营销(6560)
631,17656003,17656003,市场173,65,工商管理学院,2017,2017,1,6560,6560,市场营销(6560)
632,17659001,17659001,物流171,65,工商管理学院,2017,2017,1,6590,6590,物流管理(6590)
633,17659002,17659002,物流172,65,工商管理学院,2017,2017,1,6590,6590,物流管理(6590)
634,17653001,17653001,造价173,65,工商管理学院,2017,2017,1,,,
635,17661201,17661201,工卫171,66,卫斯理安学院,2017,2017,1,,,
636,17661101,17661101,经卫171,66,卫斯理安学院,2017,2017,1,6611,6611,经济学(卫斯理安)(6611)
637,17661001,17661001,卫斯171,66,卫斯理安学院,2017,2017,1,,,
638,17661301,17661301,应卫171,66,卫斯理安学院,2017,2017,1,6613,6613,应用心理学(卫斯理安)(6613)
639,17300101,17300101,法学二171,30,第二专业,2017,2017,1,3001,3001,法学(二)(3001)
640,17301101,17301101,广告二171,30,第二专业,2017,2017,1,3011,3011,广告学（二）(3011)
641,17300901,17300901,会计二171,30,第二专业,2017,2017,1,3009,3009,会计学(二)(3009)
642,17301001,17301001,金融二171,30,第二专业,2017,2017,1,3010,3010,金融学(二)(3010)
643,17300501,17300501,英语二171,30,第二专业,2017,2017,1,3005,3005,英语(二)(3005)
644,17300502,17300502,英语二172,30,第二专业,2017,2017,1,3005,3005,英语(二)(3005)
645,17300503,17300503,英语二173,30,第二专业,2017,2017,1,3005,3005,英语(二)(3005)
646,17300504,17300504,英语二174,30,第二专业,2017,2017,1,3005,3005,英语(二)(3005)
647,180150001,180150001,地规181,1,地理科学学院,2018,2018,1,150,150,人文地理与城乡规划(0150)
648,180150002,180150002,地规182,1,地理科学学院,2018,2018,1,150,150,人文地理与城乡规划(0150)
649,180110001,180110001,地理181,1,地理科学学院,2018,2018,1,110,110,地理科学(0110)
650,180111002,180111002,地理182,1,地理科学学院,2018,2018,1,111,6BC10423C2EF3226E053206411AC7AEF,地理科学(师范)(0111)
651,180111001,180111001,地理183,1,地理科学学院,2018,2018,1,111,6BC10423C2EF3226E053206411AC7AEF,地理科学(师范)(0111)
652,180140001,180140001,地信181,1,地理科学学院,2018,2018,1,140,140,地理信息科学(0140)
653,180140002,180140002,地信182,1,地理科学学院,2018,2018,1,140,140,地理信息科学(0140)
654,180210001,180210001,法学181,2,法学院(律师学院)(含检察理论研究中心),2018,2018,1,210,210,法学(0210)
655,180210002,180210002,法学182,2,法学院(律师学院)(含检察理论研究中心),2018,2018,1,210,210,法学(0210)
656,180210003,180210003,法学183,2,法学院(律师学院)(含检察理论研究中心),2018,2018,1,210,210,法学(0210)
657,180210004,180210004,法学184,2,法学院(律师学院)(含检察理论研究中心),2018,2018,1,210,210,法学(0210)
658,180210005,180210005,法学185,2,法学院(律师学院)(含检察理论研究中心),2018,2018,1,210,210,法学(0210)
659,180210006,180210006,法学186,2,法学院(律师学院)(含检察理论研究中心),2018,2018,1,210,210,法学(0210)
660,180350001,180350001,社会181,3,公共管理学院(含廉政研究中心),2018,2018,1,350,350,社会学(0350)
661,180350002,180350002,社会182,3,公共管理学院(含廉政研究中心),2018,2018,1,350,350,社会学(0350)
662,180330001,180330001,行政181,3,公共管理学院(含廉政研究中心),2018,2018,1,330,330,行政管理(0330)
663,180330002,180330002,行政182,3,公共管理学院(含廉政研究中心),2018,2018,1,330,330,行政管理(0330)
664,180330003,180330003,行政183,3,公共管理学院(含廉政研究中心),2018,2018,1,330,330,行政管理(0330)
665,180330004,180330004,行政184,3,公共管理学院(含廉政研究中心),2018,2018,1,330,330,行政管理(0330)
666,180330005,180330005,行政185,3,公共管理学院(含廉政研究中心),2018,2018,1,330,330,行政管理(0330)
667,180335001,6BD0B269FCD44493E053206411AC7239,行政高181,3,公共管理学院(含廉政研究中心),2018,2018,1,335,6BD8EE1CC2A56069E053206411AC509D,行政管理（高水平运动员）(0335)
668,180410001,180410001,环工181,4,环境科学与工程学院,2018,2018,1,410,410,环境工程(0410)
669,180410002,180410002,环工182,4,环境科学与工程学院,2018,2018,1,410,410,环境工程(0410)
670,180420001,180420001,环科181,4,环境科学与工程学院,2018,2018,1,420,420,环境科学(0420)
671,180420002,180420002,环科182,4,环境科学与工程学院,2018,2018,1,420,420,环境科学(0420)
672,180520001,180520001,化工181,5,化学化工学院,2018,2018,1,520,520,化学工程与工艺(0520)
673,180520002,180520002,化工182,5,化学化工学院,2018,2018,1,520,520,化学工程与工艺(0520)
674,180520003,180520003,化工183,5,化学化工学院,2018,2018,1,520,520,化学工程与工艺(0520)
675,180520004,180520004,化工184,5,化学化工学院,2018,2018,1,520,520,化学工程与工艺(0520)
676,180510001,180510001,化学181,5,化学化工学院,2018,2018,1,510,510,化学(0510)
677,180510002,180510002,化学182,5,化学化工学院,2018,2018,1,510,510,化学(0510)
678,180517001,180517001,化学183,5,化学化工学院,2018,2018,1,517,6BC10423C2E73226E053206411AC7AEF,化学(师范)(0517)
679,180517002,7AA9B9010A34422EE0531F6411AC0302,化学184,5,化学化工学院,2018,2018,1,517,6BC10423C2E73226E053206411AC7AEF,化学(师范)(0517)
680,180610001,180610001,计科181,6,计算机科学与网络工程学院,2018,2018,1,610,610,计算机科学与技术(0610)
681,180610002,180610002,计科182,6,计算机科学与网络工程学院,2018,2018,1,610,610,计算机科学与技术(0610)
682,180610003,180610003,计科183,6,计算机科学与网络工程学院,2018,2018,1,610,610,计算机科学与技术(0610)
683,180610004,180610004,计科184,6,计算机科学与网络工程学院,2018,2018,1,610,610,计算机科学与技术(0610)
684,180610005,180610005,计科185,6,计算机科学与网络工程学院,2018,2018,1,610,610,计算机科学与技术(0610)
685,180610006,6CFE8CC1C2243A3EE0531F6411ACFFAE,计科186,6,计算机科学与网络工程学院,2018,2018,1,610,610,计算机科学与技术(0610)
686,180630001,180630001,软件181,6,计算机科学与网络工程学院,2018,2018,1,630,630,软件工程(0630)
687,180630002,180630002,软件182,6,计算机科学与网络工程学院,2018,2018,1,630,630,软件工程(0630)
688,180630003,180630003,软件183,6,计算机科学与网络工程学院,2018,2018,1,630,630,软件工程(0630)
689,180630004,180630004,软件184,6,计算机科学与网络工程学院,2018,2018,1,630,630,软件工程(0630)
690,180630005,180630005,软件185,6,计算机科学与网络工程学院,2018,2018,1,630,630,软件工程(0630)
691,180620001,180620001,网络181,6,计算机科学与网络工程学院,2018,2018,1,620,620,网络工程(0620)
692,180620002,180620002,网络182,6,计算机科学与网络工程学院,2018,2018,1,620,620,网络工程(0620)
693,180620003,180620003,网络183,6,计算机科学与网络工程学院,2018,2018,1,620,620,网络工程(0620)
694,180620004,180620004,网络184,6,计算机科学与网络工程学院,2018,2018,1,620,620,网络工程(0620)
695,180730001,180730001,电气181,7,机械与电气工程学院,2018,2018,1,730,730,电气工程及其自动化(0730)
696,180730002,180730002,电气182,7,机械与电气工程学院,2018,2018,1,730,730,电气工程及其自动化(0730)
697,180730003,180730003,电气183,7,机械与电气工程学院,2018,2018,1,730,730,电气工程及其自动化(0730)
698,180730004,180730004,电气184,7,机械与电气工程学院,2018,2018,1,730,730,电气工程及其自动化(0730)
699,180730005,180730005,电气185,7,机械与电气工程学院,2018,2018,1,730,730,电气工程及其自动化(0730)
700,180740001,180740001,电信181,7,机械与电气工程学院,2018,2018,1,740,740,电子信息工程(0740)
701,180740002,180740002,电信182,7,机械与电气工程学院,2018,2018,1,740,740,电子信息工程(0740)
702,180740003,180740003,电信183,7,机械与电气工程学院,2018,2018,1,740,740,电子信息工程(0740)
703,180740004,180740004,电信184,7,机械与电气工程学院,2018,2018,1,740,740,电子信息工程(0740)
704,180770001,180770001,机器181,7,机械与电气工程学院,2018,2018,1,770,770,机器人工程(0770)
705,180770002,180770002,机器182,7,机械与电气工程学院,2018,2018,1,770,770,机器人工程(0770)
706,180720001,180720001,机械181,7,机械与电气工程学院,2018,2018,1,720,720,机械设计制造及其自动化(0720)
707,180720002,180720002,机械182,7,机械与电气工程学院,2018,2018,1,720,720,机械设计制造及其自动化(0720)
708,180720003,180720003,机械183,7,机械与电气工程学院,2018,2018,1,720,720,机械设计制造及其自动化(0720)
709,180720004,180720004,机械184,7,机械与电气工程学院,2018,2018,1,720,720,机械设计制造及其自动化(0720)
710,180720005,180720005,机械185,7,机械与电气工程学院,2018,2018,1,720,720,机械设计制造及其自动化(0720)
711,180720006,180720006,机械186,7,机械与电气工程学院,2018,2018,1,720,720,机械设计制造及其自动化(0720)
712,180822001,180822001,教技181,8,教育学院(师范学院),2018,2018,1,822,822,教育技术学(师范)(0822)
713,180871001,180871001,特教181,8,教育学院(师范学院),2018,2018,1,871,6BC10423C2CF3226E053206411AC7AEF,特殊教育(师范)(0871)
714,180861001,180861001,小教181,8,教育学院(师范学院),2018,2018,1,861,6BC10423C2C23226E053206411AC7AEF,小学教育(师范)(0861)
715,180861002,180861002,小教182,8,教育学院(师范学院),2018,2018,1,861,6BC10423C2C23226E053206411AC7AEF,小学教育(师范)(0861)
716,180861003,180861003,小教183,8,教育学院(师范学院),2018,2018,1,861,6BC10423C2C23226E053206411AC7AEF,小学教育(师范)(0861)
717,180851001,180851001,学前181,8,教育学院(师范学院),2018,2018,1,851,6BC10423C2C53226E053206411AC7AEF,学前教育(师范)(0851)
718,180840001,180840001,应心181,8,教育学院(师范学院),2018,2018,1,840,840,应用心理学(0840)
719,180840002,180840002,应心182,8,教育学院(师范学院),2018,2018,1,840,840,应用心理学(0840)
720,180840003,180840003,应心183,8,教育学院(师范学院),2018,2018,1,840,840,应用心理学(0840)
721,180846001,180846001,应心184,8,教育学院(师范学院),2018,2018,1,846,6BC10423C2CC3226E053206411AC7AEF,应用心理学(师范)(0846)
722,180950001,180950001,城规181,9,建筑与城市规划学院,2018,2018,1,950,950,城乡规划(0950)
723,180950002,180950002,城规182,9,建筑与城市规划学院,2018,2018,1,950,950,城乡规划(0950)
724,180910001,180910001,建筑181,9,建筑与城市规划学院,2018,2018,1,910,910,建筑学(0910)
725,180910002,180910002,建筑182,9,建筑与城市规划学院,2018,2018,1,910,910,建筑学(0910)
726,180910003,180910003,建筑183,9,建筑与城市规划学院,2018,2018,1,910,910,建筑学(0910)
727,180970001,180970001,园林181,9,建筑与城市规划学院,2018,2018,1,970,970,风景园林(0970)
728,181010001,181010001,旅游181,10,旅游学院(中法旅游学院),2018,2018,1,1010,1010,旅游管理(1010)
729,181010002,181010002,旅游182,10,旅游学院(中法旅游学院),2018,2018,1,1010,1010,旅游管理(1010)
730,181010003,181010003,旅游183,10,旅游学院(中法旅游学院),2018,2018,1,1010,1010,旅游管理(1010)
731,181811001,181811001,中法181,10,旅游学院(中法旅游学院),2018,2018,1,1026,1026,旅游管理[中法](1026)
732,181811002,6BD0ACA9C8E14466E053206411AC1C8C,中法182,10,旅游学院(中法旅游学院),2018,2018,1,1026,1026,旅游管理[中法](1026)
733,18111007Y,86B048F6D6787E1EE053206411AC31D3,产品181,11,美术与设计学院,2018,2018,1,1170,1170,产品设计(1170)
734,18111008Y,86AF69B02A501E13E0531F6411AC3F1F,服装181,11,美术与设计学院,2018,2018,1,1170,1170,产品设计(1170)
735,18111001Y,86B02E970BA12C78E0531F6411AC3CEF,环设181,11,美术与设计学院,2018,2018,1,1139,1139,环境设计(1139)
736,18111002Y,86AF7C76091A0C1BE0531F6411AC4132,环设182,11,美术与设计学院,2018,2018,1,1139,1139,环境设计(1139)
737,181113001,181113001,美术181,11,美术与设计学院,2018,2018,1,1113,6BC10423C2E13226E053206411AC7AEF,美术学(师范)(1113)
738,181113002,181113002,美术182,11,美术与设计学院,2018,2018,1,1113,6BC10423C2E13226E053206411AC7AEF,美术学(师范)(1113)
739,181113003,181113003,美术183,11,美术与设计学院,2018,2018,1,1113,6BC10423C2E13226E053206411AC7AEF,美术学(师范)(1113)
740,181113004,86DE51DB2D3F7B35E053206411ACDB24,美术184,11,美术与设计学院,2018,2018,1,1113,6BC10423C2E13226E053206411AC7AEF,美术学(师范)(1113)
741,18111001X,18111001X,设计181,11,美术与设计学院,2018,2018,1,1114,6BC10423C2B13226E053206411AC7AEF,设计学类(1114)
742,18111002X,18111002X,设计182,11,美术与设计学院,2018,2018,1,1114,6BC10423C2B13226E053206411AC7AEF,设计学类(1114)
743,18111003X,18111003X,设计183,11,美术与设计学院,2018,2018,1,1114,6BC10423C2B13226E053206411AC7AEF,设计学类(1114)
744,18111004X,18111004X,设计184,11,美术与设计学院,2018,2018,1,1114,6BC10423C2B13226E053206411AC7AEF,设计学类(1114)
745,18111005X,18111005X,设计185,11,美术与设计学院,2018,2018,1,1114,6BC10423C2B13226E053206411AC7AEF,设计学类(1114)
746,18111006X,18111006X,设计186,11,美术与设计学院,2018,2018,1,1114,6BC10423C2B13226E053206411AC7AEF,设计学类(1114)
747,18111007X,18111007X,设计187,11,美术与设计学院,2018,2018,1,1114,6BC10423C2B13226E053206411AC7AEF,设计学类(1114)
748,18111008X,6C490215060E0A01E0531F6411AC14D8,设计188,11,美术与设计学院,2018,2018,1,1114,6BC10423C2B13226E053206411AC7AEF,设计学类(1114)
749,18111003Y,86AF7C76091D0C1BE0531F6411AC4132,视觉181,11,美术与设计学院,2018,2018,1,1190,1190,视觉传达设计(1190)
750,18111004Y,86B048F6D66B7E1EE053206411AC31D3,视觉182,11,美术与设计学院,2018,2018,1,1190,1190,视觉传达设计(1190)
751,18111005Y,86B048F6D6727E1EE053206411AC31D3,数媒181,11,美术与设计学院,2018,2018,1,1190,1190,视觉传达设计(1190)
752,18111006Y,86B048F6D6757E1EE053206411AC31D3,数媒182,11,美术与设计学院,2018,2018,1,1190,1190,视觉传达设计(1190)
753,181210001,181210001,汉语181,12,人文学院(含十三行研究中心),2018,2018,1,1210,1210,汉语言文学(1210)
754,181217010,878F727534CD3D30E0531F6411AC13CE,汉语1810,12,人文学院(含十三行研究中心),2018,2018,1,1217,6BC10423C2D83226E053206411AC7AEF,汉语言文学(师范)(1217)
755,181210002,181210002,汉语182,12,人文学院(含十三行研究中心),2018,2018,1,1210,1210,汉语言文学(1210)
756,181210003,181210003,汉语183,12,人文学院(含十三行研究中心),2018,2018,1,1210,1210,汉语言文学(1210)
757,181217004,181217004,汉语185,12,人文学院(含十三行研究中心),2018,2018,1,1217,6BC10423C2D83226E053206411AC7AEF,汉语言文学(师范)(1217)
758,181217001,181217001,汉语186,12,人文学院(含十三行研究中心),2018,2018,1,1217,6BC10423C2D83226E053206411AC7AEF,汉语言文学(师范)(1217)
759,181217005,181217005,汉语187,12,人文学院(含十三行研究中心),2018,2018,1,1217,6BC10423C2D83226E053206411AC7AEF,汉语言文学(师范)(1217)
760,181217002,181217002,汉语188,12,人文学院(含十三行研究中心),2018,2018,1,1217,6BC10423C2D83226E053206411AC7AEF,汉语言文学(师范)(1217)
761,181217003,181217003,汉语189,12,人文学院(含十三行研究中心),2018,2018,1,1217,6BC10423C2D83226E053206411AC7AEF,汉语言文学(师范)(1217)
762,181220001,181220001,历史181,12,人文学院(含十三行研究中心),2018,2018,1,1223,6BC10423C2D53226E053206411AC7AEF,历史学(师范)(1223)
763,181223001,181223001,历史182,12,人文学院(含十三行研究中心),2018,2018,1,1223,6BC10423C2D53226E053206411AC7AEF,历史学(师范)(1223)
764,181250001,6DD9E2F3DD5D37A4E053206411ACFB63,预科181,12,人文学院(含十三行研究中心),2018,2018,1,1250,1250,少数民族预科班(1250)
765,181420001,181420001,生工181,14,生命科学学院,2018,2018,1,1420,1420,生物工程(1420)
766,181420002,181420002,生工182,14,生命科学学院,2018,2018,1,1420,1420,生物工程(1420)
767,181410001,181410001,生科181,14,生命科学学院,2018,2018,1,1410,1410,生物科学(1410)
768,181413002,181413002,生科182,14,生命科学学院,2018,2018,1,1413,6BC10423C2F23226E053206411AC7AEF,生物科学(师范)(1413)
769,181413001,181413001,生科183,14,生命科学学院,2018,2018,1,1413,6BC10423C2F23226E053206411AC7AEF,生物科学(师范)(1413)
770,181510001,181510001,数学181,15,数学与信息科学学院,2018,2018,1,1510,1510,数学与应用数学(1510)
771,181510002,181510002,数学182,15,数学与信息科学学院,2018,2018,1,1510,1510,数学与应用数学(1510)
772,181510003,181510003,数学183,15,数学与信息科学学院,2018,2018,1,1510,1510,数学与应用数学(1510)
773,181515001,181515001,数学184,15,数学与信息科学学院,2018,2018,1,1515,6BC10423C2E43226E053206411AC7AEF,数学与应用数学(师范)(1515)
774,181515002,181515002,数学185,15,数学与信息科学学院,2018,2018,1,1515,6BC10423C2E43226E053206411AC7AEF,数学与应用数学(师范)(1515)
775,181520001,181520001,信计181,15,数学与信息科学学院,2018,2018,1,1520,1520,信息与计算科学(1520)
776,181520002,181520002,信计182,15,数学与信息科学学院,2018,2018,1,1520,1520,信息与计算科学(1520)
777,18161001Y1,18161001Y1,给排181,16,土木工程学院,2018,2018,1,1650,1650,给排水科学与工程(1650)
778,18161001Y2,18161001Y2,给排182,16,土木工程学院,2018,2018,1,1650,1650,给排水科学与工程(1650)
779,18161001Y3,18161001Y3,建能181,16,土木工程学院,2018,2018,1,1660,1660,建筑环境与能源应用工程(1660)
780,18161001Y4,18161001Y4,建能182,16,土木工程学院,2018,2018,1,1660,1660,建筑环境与能源应用工程(1660)
781,18161001YX,18161001YX,土木181,16,土木工程学院,2018,2018,1,1610,1610,土木工程(1610)
782,18161001Y0,18161001Y0,土木1810,16,土木工程学院,2018,2018,1,1615,1615,土木工程(福霖班）(1615)
783,18161002YX,18161002YX,土木182,16,土木工程学院,2018,2018,1,1610,1610,土木工程(1610)
784,18161003YX,18161003YX,土木183,16,土木工程学院,2018,2018,1,1610,1610,土木工程(1610)
785,18161004YX,18161004YX,土木184,16,土木工程学院,2018,2018,1,1610,1610,土木工程(1610)
786,18161005YX,18161005YX,土木185,16,土木工程学院,2018,2018,1,1610,1610,土木工程(1610)
787,18161006YX,18161006YX,土木186,16,土木工程学院,2018,2018,1,1610,1610,土木工程(1610)
788,18161007YX,18161007YX,土木187,16,土木工程学院,2018,2018,1,1610,1610,土木工程(1610)
789,18161008YX,18161008YX,土木188,16,土木工程学院,2018,2018,1,1610,1610,土木工程(1610)
790,18161009YX,18161009YX,土木189,16,土木工程学院,2018,2018,1,1610,1610,土木工程(1610)
791,18161001X,18161001X,土木类181,16,土木工程学院,2018,2018,1,1616,6BBF95A168AC62B5E0531F6411ACE3F1,土木学院大类(1616)
792,181610010,181610010,土木类1810,16,土木工程学院,2018,2018,1,1616,6BBF95A168AC62B5E0531F6411ACE3F1,土木学院大类(1616)
793,181610011,181610011,土木类1811,16,土木工程学院,2018,2018,1,1616,6BBF95A168AC62B5E0531F6411ACE3F1,土木学院大类(1616)
794,181610012,181610012,土木类1812,16,土木工程学院,2018,2018,1,1616,6BBF95A168AC62B5E0531F6411ACE3F1,土木学院大类(1616)
795,181610013,181610013,土木类1813,16,土木工程学院,2018,2018,1,1616,6BBF95A168AC62B5E0531F6411ACE3F1,土木学院大类(1616)
796,181610014,6CD6B71C54D94229E0531F6411ACE20D,土木类1814,16,土木工程学院,2018,2018,1,1616,6BBF95A168AC62B5E0531F6411ACE3F1,土木学院大类(1616)
797,18161002X,18161002X,土木类182,16,土木工程学院,2018,2018,1,1616,6BBF95A168AC62B5E0531F6411ACE3F1,土木学院大类(1616)
798,18161003X,18161003X,土木类183,16,土木工程学院,2018,2018,1,1616,6BBF95A168AC62B5E0531F6411ACE3F1,土木学院大类(1616)
799,18161004X,18161004X,土木类184,16,土木工程学院,2018,2018,1,1616,6BBF95A168AC62B5E0531F6411ACE3F1,土木学院大类(1616)
800,18161005X,18161005X,土木类185,16,土木工程学院,2018,2018,1,1616,6BBF95A168AC62B5E0531F6411ACE3F1,土木学院大类(1616)
801,18161006X,18161006X,土木类186,16,土木工程学院,2018,2018,1,1616,6BBF95A168AC62B5E0531F6411ACE3F1,土木学院大类(1616)
802,18161007X,18161007X,土木类187,16,土木工程学院,2018,2018,1,1616,6BBF95A168AC62B5E0531F6411ACE3F1,土木学院大类(1616)
803,18161008X,18161008X,土木类188,16,土木工程学院,2018,2018,1,1616,6BBF95A168AC62B5E0531F6411ACE3F1,土木学院大类(1616)
804,18161009X,18161009X,土木类189,16,土木工程学院,2018,2018,1,1616,6BBF95A168AC62B5E0531F6411ACE3F1,土木学院大类(1616)
805,181730001,181730001,社体181,17,体育学院,2018,2018,1,1730,1730,社会体育指导与管理(1730)
806,181730002,181730002,社体182,17,体育学院,2018,2018,1,1730,1730,社会体育指导与管理(1730)
807,181730003,6CC17581E75434FCE0531F6411ACF4DC,社体183,17,体育学院,2018,2018,1,1730,1730,社会体育指导与管理(1730)
808,181711001,181711001,体教181,17,体育学院,2018,2018,1,1711,6BC10423C2D23226E053206411AC7AEF,体育教育(师范)(1711)
809,181711002,181711002,体教182,17,体育学院,2018,2018,1,1711,6BC10423C2D23226E053206411AC7AEF,体育教育(师范)(1711)
810,181711003,6CC17581E74134FCE0531F6411ACF4DC,体教183,17,体育学院,2018,2018,1,1711,6BC10423C2D23226E053206411AC7AEF,体育教育(师范)(1711)
811,181711004,6CFE8CC1C1EA3A3EE0531F6411ACFFAE,体教184,17,体育学院,2018,2018,1,1711,6BC10423C2D23226E053206411AC7AEF,体育教育(师范)(1711)
812,181711005,6D50527748C71FB1E053206411ACD836,体教185,17,体育学院,2018,2018,1,1711,6BC10423C2D23226E053206411AC7AEF,体育教育(师范)(1711)
813,181830001,181830001,法语181,18,外国语学院,2018,2018,1,1830,1830,法语(1830)
814,181820001,181820001,日语181,18,外国语学院,2018,2018,1,1820,1820,日语(1820)
815,181810001,181810001,英语181,18,外国语学院,2018,2018,1,1810,1810,英语(1810)
816,181815004,8751196C7F2367ABE0531F6411AC4D25,英语1810,18,外国语学院,2018,2018,1,1815,6BC10423C2DB3226E053206411AC7AEF,英语(师范)(1815)
817,181810002,181810002,英语182,18,外国语学院,2018,2018,1,1810,1810,英语(1810)
818,181810003,181810003,英语183,18,外国语学院,2018,2018,1,1810,1810,英语(1810)
819,181810004,181810004,英语184,18,外国语学院,2018,2018,1,1810,1810,英语(1810)
820,181810005,181810005,英语185,18,外国语学院,2018,2018,1,1810,1810,英语(1810)
821,181810006,181810006,英语186,18,外国语学院,2018,2018,1,1810,1810,英语(1810)
822,181815002,181815002,英语187,18,外国语学院,2018,2018,1,1815,6BC10423C2DB3226E053206411AC7AEF,英语(师范)(1815)
823,181815001,181815001,英语188,18,外国语学院,2018,2018,1,1815,6BC10423C2DB3226E053206411AC7AEF,英语(师范)(1815)
824,181815003,181815003,英语189,18,外国语学院,2018,2018,1,1815,6BC10423C2DB3226E053206411AC7AEF,英语(师范)(1815)
825,181940001,181940001,光电181,19,物理与电子工程学院,2018,2018,1,1940,1940,光电信息科学与工程(1940)
826,181940002,181940002,光电182,19,物理与电子工程学院,2018,2018,1,1940,1940,光电信息科学与工程(1940)
827,181911001,181911001,物理181,19,物理与电子工程学院,2018,2018,1,1911,6BC10423C2EC3226E053206411AC7AEF,物理学(师范)(1911)
828,181950001,181950001,物联181,19,物理与电子工程学院,2018,2018,1,1950,1950,物联网工程(1950)
829,181950002,181950002,物联182,19,物理与电子工程学院,2018,2018,1,1950,1950,物联网工程(1950)
830,181950003,181950003,物联183,19,物理与电子工程学院,2018,2018,1,1950,1950,物联网工程(1950)
831,181950004,6CFE8CC1C2213A3EE0531F6411ACFFAE,物联184,19,物理与电子工程学院,2018,2018,1,1950,1950,物联网工程(1950)
832,182030001,182030001,播音181,20,新闻与传播学院,2018,2018,1,2030,2030,播音与主持艺术(2030)
833,182030002,182030002,播音182,20,新闻与传播学院,2018,2018,1,2030,2030,播音与主持艺术(2030)
834,182030003,182030003,播音183,20,新闻与传播学院,2018,2018,1,2030,2030,播音与主持艺术(2030)
835,182040001,182040001,广编181,20,新闻与传播学院,2018,2018,1,2040,2040,广播电视编导(2040)
836,182040002,182040002,广编182,20,新闻与传播学院,2018,2018,1,2040,2040,广播电视编导(2040)
837,182050001,182050001,广电181,20,新闻与传播学院,2018,2018,1,2050,2050,广播电视学(2050)
838,182050002,182050002,广电182,20,新闻与传播学院,2018,2018,1,2050,2050,广播电视学(2050)
839,182050003,182050003,广电183,20,新闻与传播学院,2018,2018,1,2050,2050,广播电视学(2050)
840,182060001,182060001,媒体181,20,新闻与传播学院,2018,2018,1,2060,2060,网络与新媒体(2060)
841,182060002,182060002,媒体182,20,新闻与传播学院,2018,2018,1,2060,2060,网络与新媒体(2060)
842,182060003,182060003,媒体183,20,新闻与传播学院,2018,2018,1,2060,2060,网络与新媒体(2060)
843,182110001,182110001,社音181,21,音乐舞蹈学院,2018,2018,1,2110,2110,音乐学(2110)
844,182110002,182110002,社音182,21,音乐舞蹈学院,2018,2018,1,2110,2110,音乐学(2110)
845,182120001,182120001,舞蹈181,21,音乐舞蹈学院,2018,2018,1,2120,2120,舞蹈编导(2120)
846,182120002,182120002,舞蹈182,21,音乐舞蹈学院,2018,2018,1,2120,2120,舞蹈编导(2120)
847,182120003,182120003,舞蹈183,21,音乐舞蹈学院,2018,2018,1,2120,2120,舞蹈编导(2120)
848,182113001,182113001,音乐181,21,音乐舞蹈学院,2018,2018,1,2113,6BC10423C2DE3226E053206411AC7AEF,音乐学(师范)(2113)
849,182113002,182113002,音乐182,21,音乐舞蹈学院,2018,2018,1,2113,6BC10423C2DE3226E053206411AC7AEF,音乐学(师范)(2113)
850,182113003,182113003,音乐183,21,音乐舞蹈学院,2018,2018,1,2113,6BC10423C2DE3226E053206411AC7AEF,音乐学(师范)(2113)
851,186311001,186311001,思教181,63,马克思主义学院(政治与公民教育学院),2018,2018,1,6311,6BC10423C2BF3226E053206411AC7AEF,思想政治教育(师范)(6311)
852,186410001,186410001,国贸181,64,经济与统计学院,2018,2018,1,6410,6410,国际经济与贸易(6410)
853,186410002,186410002,国贸182,64,经济与统计学院,2018,2018,1,6410,6410,国际经济与贸易(6410)
854,186410003,6BD0B269FC644493E053206411AC7239,国贸183,64,经济与统计学院,2018,2018,1,6410,6410,国际经济与贸易(6410)
855,186430001,186430001,会计181,64,经济与统计学院,2018,2018,1,6430,6430,会计学(6430)
856,186430002,186430002,会计182,64,经济与统计学院,2018,2018,1,6430,6430,会计学(6430)
857,186430003,186430003,会计183,64,经济与统计学院,2018,2018,1,6430,6430,会计学(6430)
858,186430004,186430004,会计184,64,经济与统计学院,2018,2018,1,6430,6430,会计学(6430)
859,186430005,6BD0ACA9C8CA4466E053206411AC1C8C,会计185,64,经济与统计学院,2018,2018,1,6430,6430,会计学(6430)
860,186420001,186420001,金融181,64,经济与统计学院,2018,2018,1,6420,6420,金融学(6420)
861,186420002,186420002,金融182,64,经济与统计学院,2018,2018,1,6420,6420,金融学(6420)
862,186420003,186420003,金融183,64,经济与统计学院,2018,2018,1,6420,6420,金融学(6420)
863,186420004,186420004,金融184,64,经济与统计学院,2018,2018,1,6420,6420,金融学(6420)
864,186420005,6BD0B269FC6D4493E053206411AC7239,金融185,64,经济与统计学院,2018,2018,1,6420,6420,金融学(6420)
865,186450001,186450001,经济181,64,经济与统计学院,2018,2018,1,6450,6450,经济学(6450)
866,186450002,186450002,经济182,64,经济与统计学院,2018,2018,1,6450,6450,经济学(6450)
867,186470001,186470001,数据181,64,经济与统计学院,2018,2018,1,6470,6BC10423C2BC3226E053206411AC7AEF,数据科学与大数据技术(6470)
868,186440001,186440001,统计181,64,经济与统计学院,2018,2018,1,6440,6440,统计学(6440)
869,186540001,186540001,工程181,65,工商管理学院,2018,2018,1,6540,6540,工程管理(6540)
870,186540002,186540002,工程182,65,工商管理学院,2018,2018,1,6540,6540,工程管理(6540)
871,186540003,186540003,工程183,65,工商管理学院,2018,2018,1,6540,6540,工程管理(6540)
872,186550001,186550001,工商181,65,工商管理学院,2018,2018,1,6550,6550,工商管理(6550)
873,186550010,186550000,工商1810,65,工商管理学院,2018,2018,1,6550,6550,工商管理(6550)
874,186550011,6BD0ACA9C8D74466E053206411AC1C8C,工商1811,65,工商管理学院,2018,2018,1,6550,6550,工商管理(6550)
875,186550012,6BD0ACA9C8DA4466E053206411AC1C8C,工商1812,65,工商管理学院,2018,2018,1,6550,6550,工商管理(6550)
876,186550002,186550002,工商182,65,工商管理学院,2018,2018,1,6550,6550,工商管理(6550)
877,186550003,186550003,工商183,65,工商管理学院,2018,2018,1,6550,6550,工商管理(6550)
878,186550004,186550004,工商184,65,工商管理学院,2018,2018,1,6550,6550,工商管理(6550)
879,186550005,186550005,工商185,65,工商管理学院,2018,2018,1,6550,6550,工商管理(6550)
880,186550006,186550006,工商186,65,工商管理学院,2018,2018,1,6550,6550,工商管理(6550)
881,186550007,186550007,工商187,65,工商管理学院,2018,2018,1,6550,6550,工商管理(6550)
882,186550008,186550008,工商188,65,工商管理学院,2018,2018,1,6550,6550,工商管理(6550)
883,186550009,186550009,工商189,65,工商管理学院,2018,2018,1,6550,6550,工商管理(6550)
884,186590001,186590001,物流181,65,工商管理学院,2018,2018,1,6590,6590,物流管理(6590)
885,186590002,186590002,物流182,65,工商管理学院,2018,2018,1,6590,6590,物流管理(6590)
886,18661101,7AAA8589C78A222FE053206411ACBB44,经卫181,66,卫斯理安学院,2018,2018,1,6611,6611,经济学(卫斯理安)(6611)
887,183001001,75799C25FCC7445BE0531F6411ACD1D2,法学二181,30,第二专业,2018,2018,1,3001,3001,法学(二)(3001)
888,183017001,7579EAB213384468E0531F6411ACCD8B,思政二181,30,第二专业,2018,2018,1,3017,7579EAB213324468E0531F6411ACCD8B,思想政治教育（二）(3017)
889,183016001,7579EAB213354468E0531F6411ACCD8B,音乐二181,30,第二专业,2018,2018,1,3016,7579EAB2132D4468E0531F6411ACCD8B,音乐学（二）(3016)
890,183005001,75799C25FCCA445BE0531F6411ACD1D2,英语二181,30,第二专业,2018,2018,1,3005,3005,英语(二)(3005)
891,183001002,75799C25FCCD445BE0531F6411ACD1D2,英语二182,30,第二专业,2018,2018,1,3005,3005,英语(二)(3005)
892,190150001,190150001,地规191,1,地理科学学院,2019,2019,1,150,150,人文地理与城乡规划(0150)
893,190150002,190150002,地规192,1,地理科学学院,2019,2019,1,150,150,人文地理与城乡规划(0150)
894,190150003,190150003,地规193,1,地理科学学院,2019,2019,1,150,150,人文地理与城乡规划(0150)
895,190110001,190110001,地理191,1,地理科学学院,2019,2019,1,110,110,地理科学(0110)
896,190111002,190111002,地理192,1,地理科学学院,2019,2019,1,111,6BC10423C2EF3226E053206411AC7AEF,地理科学(师范)(0111)
897,190111001,190111001,地理193,1,地理科学学院,2019,2019,1,111,6BC10423C2EF3226E053206411AC7AEF,地理科学(师范)(0111)
898,190140001,190140001,地信191,1,地理科学学院,2019,2019,1,140,140,地理信息科学(0140)
899,190140002,190140002,地信192,1,地理科学学院,2019,2019,1,140,140,地理信息科学(0140)
900,190140003,190140003,地信193,1,地理科学学院,2019,2019,1,140,140,地理信息科学(0140)
901,190210001,190210001,法学191,2,法学院(律师学院)(含检察理论研究中心),2019,2019,2,210,210,法学(0210)
902,190210002,190210002,法学192,2,法学院(律师学院)(含检察理论研究中心),2019,2019,2,210,210,法学(0210)
903,190210003,190210003,法学193,2,法学院(律师学院)(含检察理论研究中心),2019,2019,2,210,210,法学(0210)
904,190210004,190210004,法学194,2,法学院(律师学院)(含检察理论研究中心),2019,2019,2,210,210,法学(0210)
905,190210005,190210005,法学195,2,法学院(律师学院)(含检察理论研究中心),2019,2019,2,210,210,法学(0210)
906,190350001,190350001,社会191,3,公共管理学院(含廉政研究中心),2019,2019,2,350,350,社会学(0350)
907,190350002,190350002,社会192,3,公共管理学院(含廉政研究中心),2019,2019,2,350,350,社会学(0350)
908,190330001,190330001,行政191,3,公共管理学院(含廉政研究中心),2019,2019,2,330,330,行政管理(0330)
909,190330002,190330002,行政192,3,公共管理学院(含廉政研究中心),2019,2019,2,330,330,行政管理(0330)
910,190330003,190330003,行政193,3,公共管理学院(含廉政研究中心),2019,2019,2,330,330,行政管理(0330)
911,190330004,190330004,行政194,3,公共管理学院(含廉政研究中心),2019,2019,2,330,330,行政管理(0330)
912,190330005,190330005,行政195,3,公共管理学院(含廉政研究中心),2019,2019,2,330,330,行政管理(0330)
913,190335001,868A9C4A99842503E0531F6411AC70D1,行政高191,3,公共管理学院(含廉政研究中心),2019,2019,1,335,6BD8EE1CC2A56069E053206411AC509D,行政管理（高水平运动员）(0335)
914,190410001,190410001,环工191,4,环境科学与工程学院,2019,2019,1,410,410,环境工程(0410)
915,190410002,190410002,环工192,4,环境科学与工程学院,2019,2019,1,410,410,环境工程(0410)
916,190410003,190410003,环工193,4,环境科学与工程学院,2019,2019,1,410,410,环境工程(0410)
917,190420001,190420001,环科191,4,环境科学与工程学院,2019,2019,1,420,420,环境科学(0420)
918,190420002,190420002,环科192,4,环境科学与工程学院,2019,2019,1,420,420,环境科学(0420)
919,190520001,190520001,化工191,5,化学化工学院,2019,2019,1,520,520,化学工程与工艺(0520)
920,190520002,190520002,化工192,5,化学化工学院,2019,2019,1,520,520,化学工程与工艺(0520)
921,190520003,190520003,化工193,5,化学化工学院,2019,2019,1,520,520,化学工程与工艺(0520)
922,190520004,190520004,化工194,5,化学化工学院,2019,2019,1,520,520,化学工程与工艺(0520)
923,190510001,190510001,化学191,5,化学化工学院,2019,2019,1,510,510,化学(0510)
924,190510002,190510002,化学192,5,化学化工学院,2019,2019,1,510,510,化学(0510)
925,190517001,190517001,化学193,5,化学化工学院,2019,2019,1,517,6BC10423C2E73226E053206411AC7AEF,化学(师范)(0517)
926,190517002,190517002,化学194,5,化学化工学院,2019,2019,1,517,6BC10423C2E73226E053206411AC7AEF,化学(师范)(0517)
927,190610001,190610001,计科191,6,计算机科学与网络工程学院,2019,2019,1,610,610,计算机科学与技术(0610)
928,190610002,190610002,计科192,6,计算机科学与网络工程学院,2019,2019,1,610,610,计算机科学与技术(0610)
929,190610003,190610003,计科193,6,计算机科学与网络工程学院,2019,2019,1,610,610,计算机科学与技术(0610)
930,190610004,190610004,计科194,6,计算机科学与网络工程学院,2019,2019,1,610,610,计算机科学与技术(0610)
931,192030005,86A61E1B73553B8BE0531F6411ACA29A,计科195,6,计算机科学与网络工程学院,2019,2019,1,610,610,计算机科学与技术(0610)
932,190630001,190630001,软件191,6,计算机科学与网络工程学院,2019,2019,1,630,630,软件工程(0630)
933,190630002,190630002,软件192,6,计算机科学与网络工程学院,2019,2019,1,630,630,软件工程(0630)
934,190630003,190630003,软件193,6,计算机科学与网络工程学院,2019,2019,1,630,630,软件工程(0630)
935,190630004,190630004,软件194,6,计算机科学与网络工程学院,2019,2019,1,630,630,软件工程(0630)
936,190640001,871A32F6A1301115E053206411ACD0FB,网安191,6,计算机科学与网络工程学院,2019,2019,1,640,871D5A1239DD0D12E053206411ACE230,网络空间安全(0640)
937,190620001,190620001,网络191,6,计算机科学与网络工程学院,2019,2019,1,620,620,网络工程(0620)
938,190620002,190620002,网络192,6,计算机科学与网络工程学院,2019,2019,1,620,620,网络工程(0620)
939,190620003,190620003,网络193,6,计算机科学与网络工程学院,2019,2019,1,620,620,网络工程(0620)
940,190620004,190620004,网络194,6,计算机科学与网络工程学院,2019,2019,1,620,620,网络工程(0620)
941,190730001,190730001,电气191,7,机械与电气工程学院,2019,2019,1,730,730,电气工程及其自动化(0730)
942,190730002,190730002,电气192,7,机械与电气工程学院,2019,2019,1,730,730,电气工程及其自动化(0730)
943,190730003,190730003,电气193,7,机械与电气工程学院,2019,2019,1,730,730,电气工程及其自动化(0730)
944,190730004,190730004,电气194,7,机械与电气工程学院,2019,2019,1,730,730,电气工程及其自动化(0730)
945,190740001,190740001,电信191,7,机械与电气工程学院,2019,2019,1,740,740,电子信息工程(0740)
946,190740002,190740002,电信192,7,机械与电气工程学院,2019,2019,1,740,740,电子信息工程(0740)
947,190740003,190740003,电信193,7,机械与电气工程学院,2019,2019,1,740,740,电子信息工程(0740)
948,190740004,190740004,电信194,7,机械与电气工程学院,2019,2019,1,740,740,电子信息工程(0740)
949,190770001,190770001,机器191,7,机械与电气工程学院,2019,2019,1,770,770,机器人工程(0770)
950,190770002,190770002,机器192,7,机械与电气工程学院,2019,2019,1,770,770,机器人工程(0770)
951,190720001,190720001,机械191,7,机械与电气工程学院,2019,2019,1,720,720,机械设计制造及其自动化(0720)
952,190720002,190720002,机械192,7,机械与电气工程学院,2019,2019,1,720,720,机械设计制造及其自动化(0720)
953,190720003,190720003,机械193,7,机械与电气工程学院,2019,2019,1,720,720,机械设计制造及其自动化(0720)
954,190720004,190720004,机械194,7,机械与电气工程学院,2019,2019,1,720,720,机械设计制造及其自动化(0720)
955,190720005,190720005,机械195,7,机械与电气工程学院,2019,2019,1,720,720,机械设计制造及其自动化(0720)
956,190720006,190720006,机械196,7,机械与电气工程学院,2019,2019,1,720,720,机械设计制造及其自动化(0720)
957,190720007,190720007,机械197,7,机械与电气工程学院,2019,2019,1,720,720,机械设计制造及其自动化(0720)
958,190822001,190822001,教技191,8,教育学院(师范学院),2019,2019,1,822,822,教育技术学(师范)(0822)
959,190822002,190822002,教技192,8,教育学院(师范学院),2019,2019,1,822,822,教育技术学(师范)(0822)
960,190871001,190871001,特教191,8,教育学院(师范学院),2019,2019,1,871,6BC10423C2CF3226E053206411AC7AEF,特殊教育(师范)(0871)
961,190861001,190861001,小教191,8,教育学院(师范学院),2019,2019,1,861,6BC10423C2C23226E053206411AC7AEF,小学教育(师范)(0861)
962,190861002,190861002,小教192,8,教育学院(师范学院),2019,2019,1,861,6BC10423C2C23226E053206411AC7AEF,小学教育(师范)(0861)
963,190861003,190861003,小教193,8,教育学院(师范学院),2019,2019,1,861,6BC10423C2C23226E053206411AC7AEF,小学教育(师范)(0861)
964,190851001,190851001,学前191,8,教育学院(师范学院),2019,2019,1,851,6BC10423C2C53226E053206411AC7AEF,学前教育(师范)(0851)
965,190851002,190851002,学前192,8,教育学院(师范学院),2019,2019,1,851,6BC10423C2C53226E053206411AC7AEF,学前教育(师范)(0851)
966,190840001,190840001,应心191,8,教育学院(师范学院),2019,2019,1,840,840,应用心理学(0840)
967,190840002,190840002,应心192,8,教育学院(师范学院),2019,2019,1,840,840,应用心理学(0840)
968,190846001,190846001,应心193,8,教育学院(师范学院),2019,2019,1,846,6BC10423C2CC3226E053206411AC7AEF,应用心理学(师范)(0846)
969,190950001,190950001,城规191,9,建筑与城市规划学院,2019,2019,1,950,950,城乡规划(0950)
970,190950002,190950002,城规192,9,建筑与城市规划学院,2019,2019,1,950,950,城乡规划(0950)
971,190910001,190910001,建筑191,9,建筑与城市规划学院,2019,2019,1,910,910,建筑学(0910)
972,190910002,190910002,建筑192,9,建筑与城市规划学院,2019,2019,1,910,910,建筑学(0910)
973,190970001,190970001,园林191,9,建筑与城市规划学院,2019,2019,1,970,970,风景园林(0970)
974,191010001,191010001,旅游191,10,旅游学院(中法旅游学院),2019,2019,1,1010,1010,旅游管理(1010)
975,191010002,191010002,旅游192,10,旅游学院(中法旅游学院),2019,2019,1,1010,1010,旅游管理(1010)
976,191010003,191010003,旅游193,10,旅游学院(中法旅游学院),2019,2019,1,1010,1010,旅游管理(1010)
977,191010004,191010004,旅游194,10,旅游学院(中法旅游学院),2019,2019,1,1010,1010,旅游管理(1010)
978,191026001,191026001,中法191,10,旅游学院(中法旅游学院),2019,2019,1,1026,1026,旅游管理[中法](1026)
979,191026002,191026002,中法192,10,旅游学院(中法旅游学院),2019,2019,1,1026,1026,旅游管理[中法](1026)
980,191113001,191113001,美术191,11,美术与设计学院,2019,2019,1,1113,6BC10423C2E13226E053206411AC7AEF,美术学(师范)(1113)
981,191113002,191113002,美术192,11,美术与设计学院,2019,2019,1,1113,6BC10423C2E13226E053206411AC7AEF,美术学(师范)(1113)
982,191113003,191113003,美术193,11,美术与设计学院,2019,2019,1,1113,6BC10423C2E13226E053206411AC7AEF,美术学(师范)(1113)
983,191114001,191114001,设计191,11,美术与设计学院,2019,2019,1,1114,6BC10423C2B13226E053206411AC7AEF,设计学类(1114)
984,191114002,191114002,设计192,11,美术与设计学院,2019,2019,1,1114,6BC10423C2B13226E053206411AC7AEF,设计学类(1114)
985,191114003,191114003,设计193,11,美术与设计学院,2019,2019,1,1114,6BC10423C2B13226E053206411AC7AEF,设计学类(1114)
986,191114004,191114004,设计194,11,美术与设计学院,2019,2019,1,1114,6BC10423C2B13226E053206411AC7AEF,设计学类(1114)
987,191114005,191114005,设计195,11,美术与设计学院,2019,2019,1,1114,6BC10423C2B13226E053206411AC7AEF,设计学类(1114)
988,191114006,191114006,设计196,11,美术与设计学院,2019,2019,1,1114,6BC10423C2B13226E053206411AC7AEF,设计学类(1114)
989,191217001,191217001,汉语191,12,人文学院(含十三行研究中心),2019,2019,1,1217,6BC10423C2D83226E053206411AC7AEF,汉语言文学(师范)(1217)
990,191210004,191210004,汉语1910,12,人文学院(含十三行研究中心),2019,2019,1,1210,1210,汉语言文学(1210)
991,191210005,191210005,汉语1911,12,人文学院(含十三行研究中心),2019,2019,1,1210,1210,汉语言文学(1210)
992,191217002,191217002,汉语192,12,人文学院(含十三行研究中心),2019,2019,1,1217,6BC10423C2D83226E053206411AC7AEF,汉语言文学(师范)(1217)
993,191217003,191217003,汉语193,12,人文学院(含十三行研究中心),2019,2019,1,1217,6BC10423C2D83226E053206411AC7AEF,汉语言文学(师范)(1217)
994,191217004,191217004,汉语194,12,人文学院(含十三行研究中心),2019,2019,1,1217,6BC10423C2D83226E053206411AC7AEF,汉语言文学(师范)(1217)
995,191217005,191217005,汉语195,12,人文学院(含十三行研究中心),2019,2019,1,1217,6BC10423C2D83226E053206411AC7AEF,汉语言文学(师范)(1217)
996,191217006,191217006,汉语196,12,人文学院(含十三行研究中心),2019,2019,1,1217,6BC10423C2D83226E053206411AC7AEF,汉语言文学(师范)(1217)
997,191210001,191210001,汉语197,12,人文学院(含十三行研究中心),2019,2019,1,1210,1210,汉语言文学(1210)
998,191210002,191210002,汉语198,12,人文学院(含十三行研究中心),2019,2019,1,1210,1210,汉语言文学(1210)
999,191210003,191210003,汉语199,12,人文学院(含十三行研究中心),2019,2019,1,1210,1210,汉语言文学(1210)
1000,191223001,191223001,历史191,12,人文学院(含十三行研究中心),2019,2019,1,1223,6BC10423C2D53226E053206411AC7AEF,历史学(师范)(1223)
1001,191223002,191223002,历史192,12,人文学院(含十三行研究中心),2019,2019,1,1223,6BC10423C2D53226E053206411AC7AEF,历史学(师范)(1223)
1002,191250001,875596A9D66222F1E053206411AC18FA,预科191,12,人文学院(含十三行研究中心),2019,2019,1,1250,1250,少数民族预科班(1250)
1003,191410001,191410001,生科191,14,生命科学学院,2019,2019,1,1410,1410,生物科学(1410)
1004,191410002,191410002,生科192,14,生命科学学院,2019,2019,1,1410,1410,生物科学(1410)
1005,191413001,191413001,生科193,14,生命科学学院,2019,2019,1,1413,6BC10423C2F23226E053206411AC7AEF,生物科学(师范)(1413)
1006,191413002,191413002,生科194,14,生命科学学院,2019,2019,1,1413,6BC10423C2F23226E053206411AC7AEF,生物科学(师范)(1413)
1007,191440001,871D5A1239E20D12E053206411ACE230,制药191,14,生命科学学院,2019,2019,1,1440,871BF5E93F0A58ECE053206411ACD664,生物制药(1440)
1008,191440002,871D5A1239E70D12E053206411ACE230,制药192,14,生命科学学院,2019,2019,1,1440,871BF5E93F0A58ECE053206411ACD664,生物制药(1440)
1009,191510001,191510001,数学191,15,数学与信息科学学院,2019,2019,1,1510,1510,数学与应用数学(1510)
1010,191510002,191510002,数学192,15,数学与信息科学学院,2019,2019,1,1510,1510,数学与应用数学(1510)
1011,191510003,191510003,数学193,15,数学与信息科学学院,2019,2019,1,1510,1510,数学与应用数学(1510)
1012,191515001,191515001,数学194,15,数学与信息科学学院,2019,2019,1,1515,6BC10423C2E43226E053206411AC7AEF,数学与应用数学(师范)(1515)
1013,191515002,191515002,数学195,15,数学与信息科学学院,2019,2019,1,1515,6BC10423C2E43226E053206411AC7AEF,数学与应用数学(师范)(1515)
1014,191530001,191530001,信安191,15,数学与信息科学学院,2019,2019,1,1530,1530,信息安全(1530)
1015,191520001,191520001,信计191,15,数学与信息科学学院,2019,2019,1,1520,1520,信息与计算科学(1520)
1016,191520002,191520002,信计192,15,数学与信息科学学院,2019,2019,1,1520,1520,信息与计算科学(1520)
1017,191616001,191616001,土木类191,16,土木工程学院,2019,2019,1,1616,6BBF95A168AC62B5E0531F6411ACE3F1,土木学院大类(1616)
1018,191616010,191616010,土木类1910,16,土木工程学院,2019,2019,1,1616,6BBF95A168AC62B5E0531F6411ACE3F1,土木学院大类(1616)
1019,191616011,191616011,土木类1911,16,土木工程学院,2019,2019,1,1616,6BBF95A168AC62B5E0531F6411ACE3F1,土木学院大类(1616)
1020,191616012,191616012,土木类1912,16,土木工程学院,2019,2019,1,1616,6BBF95A168AC62B5E0531F6411ACE3F1,土木学院大类(1616)
1021,191616013,191616013,土木类1913,16,土木工程学院,2019,2019,1,1616,6BBF95A168AC62B5E0531F6411ACE3F1,土木学院大类(1616)
1022,191616014,191616014,土木类1914,16,土木工程学院,2019,2019,1,1616,6BBF95A168AC62B5E0531F6411ACE3F1,土木学院大类(1616)
1023,191616002,191616002,土木类192,16,土木工程学院,2019,2019,1,1616,6BBF95A168AC62B5E0531F6411ACE3F1,土木学院大类(1616)
1024,191616003,191616003,土木类193,16,土木工程学院,2019,2019,1,1616,6BBF95A168AC62B5E0531F6411ACE3F1,土木学院大类(1616)
1025,191616004,191616004,土木类194,16,土木工程学院,2019,2019,1,1616,6BBF95A168AC62B5E0531F6411ACE3F1,土木学院大类(1616)
1026,191616005,191616005,土木类195,16,土木工程学院,2019,2019,1,1616,6BBF95A168AC62B5E0531F6411ACE3F1,土木学院大类(1616)
1027,191616006,191616006,土木类196,16,土木工程学院,2019,2019,1,1616,6BBF95A168AC62B5E0531F6411ACE3F1,土木学院大类(1616)
1028,191616007,191616007,土木类197,16,土木工程学院,2019,2019,1,1616,6BBF95A168AC62B5E0531F6411ACE3F1,土木学院大类(1616)
1029,191616008,191616008,土木类198,16,土木工程学院,2019,2019,1,1616,6BBF95A168AC62B5E0531F6411ACE3F1,土木学院大类(1616)
1030,191616009,191616009,土木类199,16,土木工程学院,2019,2019,1,1616,6BBF95A168AC62B5E0531F6411ACE3F1,土木学院大类(1616)
1031,191730001,191730001,社体191,17,体育学院,2019,2019,1,1730,1730,社会体育指导与管理(1730)
1032,191730002,191730002,社体192,17,体育学院,2019,2019,1,1730,1730,社会体育指导与管理(1730)
1033,191730003,86C5E05204134969E053206411ACE520,社体193,17,体育学院,2019,2019,1,1730,1730,社会体育指导与管理(1730)
1034,191730004,86C5E052041A4969E053206411ACE520,社体194,17,体育学院,2019,2019,1,1730,1730,社会体育指导与管理(1730)
1035,191711001,191711001,体教191,17,体育学院,2019,2019,1,1711,6BC10423C2D23226E053206411AC7AEF,体育教育(师范)(1711)
1036,191711002,191711002,体教192,17,体育学院,2019,2019,1,1711,6BC10423C2D23226E053206411AC7AEF,体育教育(师范)(1711)
1037,191711003,191711003,体教193,17,体育学院,2019,2019,1,1711,6BC10423C2D23226E053206411AC7AEF,体育教育(师范)(1711)
1038,191711004,86C5E052040E4969E053206411ACE520,体教194,17,体育学院,2019,2019,1,1711,6BC10423C2D23226E053206411AC7AEF,体育教育(师范)(1711)
1039,191711005,86C62BDDCEC441A1E0531F6411AC257A,体教195,17,体育学院,2019,2019,1,1711,6BC10423C2D23226E053206411AC7AEF,体育教育(师范)(1711)
1040,191711006,86C69AA26ED363DAE053206411AC4E7B,体教196,17,体育学院,2019,2019,1,1711,6BC10423C2D23226E053206411AC7AEF,体育教育(师范)(1711)
1041,191830001,191830001,法语191,18,外国语学院,2019,2019,1,1830,1830,法语(1830)
1042,191820001,191820001,日语191,18,外国语学院,2019,2019,1,1820,1820,日语(1820)
1043,191820002,191820002,日语192,18,外国语学院,2019,2019,1,1820,1820,日语(1820)
1044,191810001,191810001,英语191,18,外国语学院,2019,2019,1,1810,1810,英语(1810)
1045,191810002,191810002,英语192,18,外国语学院,2019,2019,1,1810,1810,英语(1810)
1046,191810003,191810003,英语193,18,外国语学院,2019,2019,1,1810,1810,英语(1810)
1047,191810004,191810004,英语194,18,外国语学院,2019,2019,1,1810,1810,英语(1810)
1048,191810005,191810005,英语195,18,外国语学院,2019,2019,1,1810,1810,英语(1810)
1049,191815003,191815003,英语196,18,外国语学院,2019,2019,1,1815,6BC10423C2DB3226E053206411AC7AEF,英语(师范)(1815)
1050,191815001,191815001,英语197,18,外国语学院,2019,2019,1,1815,6BC10423C2DB3226E053206411AC7AEF,英语(师范)(1815)
1051,191815002,191815002,英语198,18,外国语学院,2019,2019,1,1815,6BC10423C2DB3226E053206411AC7AEF,英语(师范)(1815)
1052,191940001,191940001,光电191,19,物理与电子工程学院,2019,2019,1,1940,1940,光电信息科学与工程(1940)
1053,191940002,191940002,光电192,19,物理与电子工程学院,2019,2019,1,1940,1940,光电信息科学与工程(1940)
1054,191911001,191911001,物理191,19,物理与电子工程学院,2019,2019,1,1911,6BC10423C2EC3226E053206411AC7AEF,物理学(师范)(1911)
1055,191911002,191911002,物理192,19,物理与电子工程学院,2019,2019,1,1911,6BC10423C2EC3226E053206411AC7AEF,物理学(师范)(1911)
1056,191950001,191950001,物联191,19,物理与电子工程学院,2019,2019,1,1950,1950,物联网工程(1950)
1057,191950002,191950002,物联192,19,物理与电子工程学院,2019,2019,1,1950,1950,物联网工程(1950)
1058,191950003,191950003,物联193,19,物理与电子工程学院,2019,2019,1,1950,1950,物联网工程(1950)
1059,192030001,192030001,播音191,20,新闻与传播学院,2019,2019,1,2030,2030,播音与主持艺术(2030)
1060,192030002,192030002,播音192,20,新闻与传播学院,2019,2019,1,2030,2030,播音与主持艺术(2030)
1061,192030003,86A434D981E30E8BE0531F6411ACC958,播音193,20,新闻与传播学院,2019,2019,1,2030,2030,播音与主持艺术(2030)
1062,192040001,192040001,广编191,20,新闻与传播学院,2019,2019,1,2040,2040,广播电视编导(2040)
1063,192040002,192040002,广编192,20,新闻与传播学院,2019,2019,1,2040,2040,广播电视编导(2040)
1064,192050001,192050001,广电191,20,新闻与传播学院,2019,2019,1,2050,2050,广播电视学(2050)
1065,192050002,192050002,广电192,20,新闻与传播学院,2019,2019,1,2050,2050,广播电视学(2050)
1066,192050003,192050003,广电193,20,新闻与传播学院,2019,2019,1,2050,2050,广播电视学(2050)
1067,192060001,192060001,媒体191,20,新闻与传播学院,2019,2019,1,2060,2060,网络与新媒体(2060)
1068,192060002,192060002,媒体192,20,新闻与传播学院,2019,2019,1,2060,2060,网络与新媒体(2060)
1069,192060003,192060003,媒体193,20,新闻与传播学院,2019,2019,1,2060,2060,网络与新媒体(2060)
1070,192110001,192110001,社音191,21,音乐舞蹈学院,2019,2019,1,2110,2110,音乐学(2110)
1071,192110002,192110002,社音192,21,音乐舞蹈学院,2019,2019,1,2110,2110,音乐学(2110)
1072,192120001,192120001,舞蹈191,21,音乐舞蹈学院,2019,2019,1,2120,2120,舞蹈编导(2120)
1073,192120002,192120002,舞蹈192,21,音乐舞蹈学院,2019,2019,1,2120,2120,舞蹈编导(2120)
1074,192120003,192120003,舞蹈193,21,音乐舞蹈学院,2019,2019,1,2120,2120,舞蹈编导(2120)
1075,192113001,192113001,音乐191,21,音乐舞蹈学院,2019,2019,1,2113,6BC10423C2DE3226E053206411AC7AEF,音乐学(师范)(2113)
1076,192113002,192113002,音乐192,21,音乐舞蹈学院,2019,2019,1,2113,6BC10423C2DE3226E053206411AC7AEF,音乐学(师范)(2113)
1077,192113003,192113003,音乐193,21,音乐舞蹈学院,2019,2019,1,2113,6BC10423C2DE3226E053206411AC7AEF,音乐学(师范)(2113)
1078,196311001,196311001,思教191,63,马克思主义学院(政治与公民教育学院),2019,2019,1,6311,6BC10423C2BF3226E053206411AC7AEF,思想政治教育(师范)(6311)
1079,196311002,196311002,思教192,63,马克思主义学院(政治与公民教育学院),2019,2019,1,6311,6BC10423C2BF3226E053206411AC7AEF,思想政治教育(师范)(6311)
1080,196410001,196410001,国贸191,64,经济与统计学院,2019,2019,2,6410,6410,国际经济与贸易(6410)
1081,196410002,196410002,国贸192,64,经济与统计学院,2019,2019,2,6410,6410,国际经济与贸易(6410)
1082,196430001,196430001,会计191,64,经济与统计学院,2019,2019,2,6430,6430,会计学(6430)
1083,196430002,196430002,会计192,64,经济与统计学院,2019,2019,2,6430,6430,会计学(6430)
1084,196430003,196430003,会计193,64,经济与统计学院,2019,2019,2,6430,6430,会计学(6430)
1085,196430004,196430004,会计194,64,经济与统计学院,2019,2019,2,6430,6430,会计学(6430)
1086,196430005,196430005,会计195,64,经济与统计学院,2019,2019,2,6430,6430,会计学(6430)
1087,196420001,196420001,金融191,64,经济与统计学院,2019,2019,2,6420,6420,金融学(6420)
1088,196420002,196420002,金融192,64,经济与统计学院,2019,2019,2,6420,6420,金融学(6420)
1089,196420003,196420003,金融193,64,经济与统计学院,2019,2019,2,6420,6420,金融学(6420)
1090,196420004,196420004,金融194,64,经济与统计学院,2019,2019,2,6420,6420,金融学(6420)
1091,196420005,196420005,金融195,64,经济与统计学院,2019,2019,2,6420,6420,金融学(6420)
1092,196450001,196450001,经济191,64,经济与统计学院,2019,2019,2,6450,6450,经济学(6450)
1093,196470001,196470001,数据191,64,经济与统计学院,2019,2019,2,6470,6BC10423C2BC3226E053206411AC7AEF,数据科学与大数据技术(6470)
1094,196440001,196440001,统计191,64,经济与统计学院,2019,2019,2,6440,6440,统计学(6440)
1095,196440002,196440002,统计192,64,经济与统计学院,2019,2019,2,6440,6440,统计学(6440)
1096,196540001,196540001,工程191,65,工商管理学院,2019,2019,2,6540,6540,工程管理(6540)
1097,196540002,196540002,工程192,65,工商管理学院,2019,2019,2,6540,6540,工程管理(6540)
1098,196540003,196540003,工程193,65,工商管理学院,2019,2019,2,6540,6540,工程管理(6540)
1099,196540004,196540004,工程194,65,工商管理学院,2019,2019,2,6540,6540,工程管理(6540)
1100,196550001,196550001,工商191,65,工商管理学院,2019,2019,2,6550,6550,工商管理(6550)
1101,196550010,196550010,工商1910,65,工商管理学院,2019,2019,2,6550,6550,工商管理(6550)
1102,196550002,196550002,工商192,65,工商管理学院,2019,2019,2,6550,6550,工商管理(6550)
1103,196550003,196550003,工商193,65,工商管理学院,2019,2019,2,6550,6550,工商管理(6550)
1104,196550004,196550004,工商194,65,工商管理学院,2019,2019,2,6550,6550,工商管理(6550)
1105,196550005,196550005,工商195,65,工商管理学院,2019,2019,2,6550,6550,工商管理(6550)
1106,196550006,196550006,工商196,65,工商管理学院,2019,2019,2,6550,6550,工商管理(6550)
1107,196550007,196550007,工商197,65,工商管理学院,2019,2019,2,6550,6550,工商管理(6550)
1108,196550008,196550008,工商198,65,工商管理学院,2019,2019,2,6550,6550,工商管理(6550)
1109,196550009,196550009,工商199,65,工商管理学院,2019,2019,2,6550,6550,工商管理(6550)
1110,196590001,196590001,物流191,65,工商管理学院,2019,2019,2,6590,6590,物流管理(6590)
1111,196590002,196590002,物流192,65,工商管理学院,2019,2019,2,6590,6590,物流管理(6590)
